industry,country,referral_source,is_trial,churn_flag,plan_tier,seats,mrr_amount,arr_amount,billing_frequency,auto_renew_flag,subscription_age_days,total_upgrades,total_downgrades,total_usage,average_usage,average_usage_duration,total_errors,beta_feature_usage,unique_features_used,total_support_tickets,average_resolution_time,average_first_response_time,average_satisfaction,escalation_count,account_age_days,revenue_per_seat,customer_activity_score,ticket_resolution_efficiency,usage_per_feature,error_rate,satisfaction_index
2,6,4,0,0,0,44,836,10032,1,1,620,1,0,82.0,10.25,3042.0,5.0,1.0,7.0,2.0,23.0,91.0,3.0,0.0,687,19.0,62.0,0.041666666666666664,11.714285714285714,0.06097560975609756,0.125
3,4,3,0,1,2,18,882,10584,1,1,787,3,0,40.0,13.333333333333334,3293.3333333333335,1.0,0.0,3.0,3.0,38.0,73.33333333333333,4.0,0.0,1113,49.0,23.0,0.02564102564102564,13.333333333333334,0.025,0.10256410256410256
1,6,2,0,0,2,2,98,1176,0,1,615,1,1,55.0,11.0,3655.8,4.0,0.0,4.0,3.0,43.666666666666664,63.666666666666664,4.666666666666667,0.0,737,49.0,32.0,0.02238805970149254,13.75,0.07272727272727272,0.10447761194029852
4,5,3,1,0,2,24,1176,14112,1,1,622,2,0,69.0,9.857142857142858,2096.1428571428573,3.0,1.0,6.0,2.0,29.0,174.0,4.0,0.0,1103,49.0,53.0,0.03333333333333333,11.5,0.043478260869565216,0.10817776539426024
4,6,1,0,1,1,109,21691,260292,1,1,611,2,0,117.0,13.0,5213.333333333333,7.0,2.0,9.0,7.0,42.285714285714285,107.85714285714286,3.8,1.0,676,199.0,68.0,0.023102310231023104,13.0,0.05982905982905983,0.08778877887788779
2,4,0,0,0,1,25,0,0,0,1,700,0,0,27.0,9.0,1847.3333333333333,2.0,1.0,3.0,4.0,43.0,74.75,3.0,0.0,1057,0.0,3.0,0.022727272727272728,9.0,0.07407407407407407,0.06818181818181818
0,6,0,0,0,1,26,5174,62088,1,1,641,0,0,44.0,8.8,2615.4,1.0,0.0,5.0,6.0,39.166666666666664,89.83333333333333,3.8,3.0,909,199.0,12.0,0.024896265560165977,8.8,0.022727272727272728,0.0946058091286307
2,6,4,0,0,2,32,1568,18816,0,1,662,0,0,38.0,9.5,2045.5,0.0,0.0,4.0,3.0,42.666666666666664,57.0,4.0,0.0,1237,49.0,23.0,0.022900763358778626,9.5,0.0,0.10817776539426024
0,1,1,0,1,2,12,0,0,0,1,638,1,0,39.0,7.8,1534.0,4.0,1.0,5.0,4.0,32.5,75.25,3.6666666666666665,0.0,723,0.0,11.0,0.029850746268656716,7.8,0.10256410256410256,0.10945273631840795
1,6,4,0,1,2,34,1666,19992,1,1,719,1,0,51.0,10.2,2868.6,1.0,1.0,5.0,3.0,31.333333333333332,71.33333333333333,3.5,0.0,1214,49.0,34.0,0.030927835051546396,10.2,0.0196078431372549,0.10824742268041239
0,6,2,0,1,2,18,882,10584,0,0,611,1,1,50.0,10.0,3648.4,4.0,1.0,5.0,3.0,32.666666666666664,80.66666666666667,5.0,0.0,708,49.0,27.0,0.029702970297029705,10.0,0.08,0.14851485148514854
3,4,2,0,0,0,59,1121,13452,1,1,613,1,0,35.0,11.666666666666666,2081.6666666666665,0.0,1.0,3.0,2.0,20.5,125.5,5.0,0.0,664,19.0,25.0,0.046511627906976744,11.666666666666666,0.0,0.23255813953488372
1,6,4,1,0,1,7,0,0,0,1,630,2,0,35.0,11.666666666666666,5059.333333333333,3.0,1.0,3.0,3.0,40.333333333333336,68.33333333333333,5.0,1.0,1238,0.0,14.0,0.024193548387096774,11.666666666666666,0.08571428571428572,0.12096774193548387
0,6,4,1,0,2,30,1470,17640,0,1,632,1,2,44.0,8.8,3705.8,1.0,0.0,5.0,4.0,26.75,95.0,4.0,0.0,962,49.0,22.0,0.036036036036036036,8.8,0.022727272727272728,0.14414414414414414
2,5,0,0,0,1,32,6368,76416,0,1,612,0,1,9.0,9.0,5238.0,0.0,0.0,1.0,2.0,50.5,118.0,3.0,0.0,642,199.0,-1.0,0.019417475728155338,9.0,0.0,0.058252427184466014
3,6,4,0,0,0,28,532,6384,0,1,792,2,0,108.0,12.0,4890.777777777777,5.0,1.0,9.0,2.0,24.5,30.5,4.0,0.0,1091,19.0,88.0,0.0392156862745098,12.0,0.046296296296296294,0.1568627450980392
4,6,4,0,0,2,15,735,8820,0,1,611,0,0,40.0,8.0,2496.0,5.0,0.0,4.0,6.0,50.166666666666664,94.83333333333333,4.25,1.0,637,49.0,0.0,0.01954397394136808,10.0,0.125,0.08306188925081434
2,1,1,0,0,2,29,1421,17052,0,1,768,0,0,108.0,12.0,3425.777777777778,1.0,3.0,8.0,6.0,41.666666666666664,79.16666666666667,3.5,0.0,1107,49.0,76.0,0.0234375,13.5,0.009259259259259259,0.08203125
3,2,3,0,1,1,18,3582,42984,1,1,625,0,1,38.0,9.5,1707.75,0.0,1.0,4.0,5.0,36.0,59.0,3.6,0.0,1274,199.0,13.0,0.02702702702702703,9.5,0.0,0.0972972972972973
3,5,1,1,0,1,22,4378,52536,0,0,645,3,0,86.0,10.75,4111.75,6.0,0.0,8.0,3.0,26.0,108.66666666666667,4.0,1.0,1019,199.0,59.0,0.037037037037037035,10.75,0.06976744186046512,0.14814814814814814
3,6,0,0,0,0,9,0,0,0,1,627,3,1,51.0,10.2,4390.0,1.0,0.0,5.0,4.0,14.25,97.75,4.666666666666667,1.0,872,0.0,29.0,0.06557377049180328,10.2,0.0196078431372549,0.3060109289617487
4,6,3,0,0,0,8,152,1824,1,1,613,1,1,16.0,8.0,2720.0,1.0,0.0,2.0,9.0,31.333333333333332,81.88888888888889,4.0,1.0,767,19.0,-31.0,0.030927835051546396,8.0,0.0625,0.12371134020618559
1,6,0,0,1,1,17,3383,40596,0,1,623,2,0,66.0,13.2,5166.2,9.0,0.0,4.0,3.0,31.333333333333332,76.66666666666667,3.3333333333333335,0.0,744,199.0,33.0,0.030927835051546396,16.5,0.13636363636363635,0.10309278350515466
2,4,2,0,1,0,86,1634,19608,0,1,700,0,0,64.0,9.142857142857142,1918.7142857142858,5.0,2.0,7.0,3.0,57.666666666666664,108.33333333333333,4.0,0.0,836,19.0,39.0,0.017045454545454548,9.142857142857142,0.078125,0.06818181818181819
3,4,1,0,0,2,5,0,0,0,1,650,0,1,76.0,10.857142857142858,2784.8571428571427,9.0,1.0,7.0,4.0,36.0,88.29166666666666,4.0,0.0,699,0.0,24.0,0.02702702702702703,10.857142857142858,0.11842105263157894,0.10817776539426024
1,6,1,0,1,1,26,5174,62088,0,1,663,2,0,58.0,11.6,3454.6,4.0,1.0,4.0,5.0,34.0,59.6,4.5,0.0,1276,199.0,25.0,0.02857142857142857,14.5,0.06896551724137931,0.12857142857142856
4,0,2,1,0,2,19,931,11172,0,1,640,0,1,67.0,11.166666666666666,2942.0,4.0,0.0,6.0,2.0,33.0,120.5,4.0,0.0,1084,49.0,49.0,0.029411764705882353,11.166666666666666,0.05970149253731343,0.10817776539426024
4,4,4,0,1,1,49,9751,117012,1,1,627,3,0,38.0,12.666666666666666,2760.6666666666665,1.0,0.0,3.0,4.0,49.75,119.0,5.0,0.0,1224,199.0,16.0,0.019704433497536946,12.666666666666666,0.02631578947368421,0.09852216748768473
1,6,2,0,0,0,26,494,5928,1,1,681,0,0,46.0,9.2,3426.6,4.0,0.0,5.0,4.0,34.0,126.5,4.0,0.0,1041,19.0,18.0,0.02857142857142857,9.2,0.08695652173913043,0.11428571428571428
4,4,3,0,0,1,20,3980,47760,1,1,669,1,0,71.0,10.142857142857142,2890.8571428571427,2.0,2.0,7.0,2.0,61.5,27.0,3.5,0.0,1072,199.0,57.0,0.016,10.142857142857142,0.028169014084507043,0.056
0,1,3,0,0,2,34,1666,19992,1,0,623,2,1,73.0,9.125,3374.25,5.0,0.0,7.0,5.0,24.8,102.8,4.0,1.0,701,49.0,38.0,0.03875968992248062,10.428571428571429,0.0684931506849315,0.15503875968992248
3,6,0,0,0,1,16,3184,38208,1,1,659,2,1,62.0,12.4,3791.6,2.0,0.0,5.0,5.0,45.4,91.8,3.6666666666666665,0.0,1138,199.0,33.0,0.021551724137931036,12.4,0.03225806451612903,0.07902298850574713
2,6,1,0,1,1,14,2786,33432,1,1,611,0,0,72.0,12.0,3961.3333333333335,4.0,1.0,6.0,3.0,43.0,84.0,3.0,0.0,798,199.0,49.0,0.022727272727272728,12.0,0.05555555555555555,0.06818181818181818
0,0,4,1,0,0,15,285,3420,1,1,625,2,0,48.0,9.6,2522.0,3.0,1.0,3.0,6.0,23.666666666666668,90.16666666666667,4.0,0.0,1227,19.0,12.0,0.040540540540540536,16.0,0.0625,0.16216216216216214
3,0,2,0,0,2,37,1813,21756,1,1,822,2,0,76.0,9.5,3545.0,1.0,2.0,8.0,1.0,27.0,49.0,4.0,0.0,1282,49.0,69.0,0.03571428571428571,9.5,0.013157894736842105,0.14285714285714285
2,3,3,0,0,1,13,0,0,0,1,646,0,0,51.0,10.2,3249.4,1.0,0.0,5.0,7.0,40.857142857142854,76.14285714285714,4.6,0.0,844,0.0,14.0,0.023890784982935155,10.2,0.0196078431372549,0.1098976109215017
1,2,0,1,0,0,5,95,1140,0,1,725,0,0,26.0,8.666666666666666,2340.0,0.0,0.0,2.0,8.0,30.75,82.5,4.25,1.0,1210,19.0,-14.0,0.031496062992125984,13.0,0.0,0.13385826771653542
4,6,0,0,0,0,66,0,0,0,1,619,2,1,70.0,11.666666666666666,3652.0,8.0,0.0,6.0,4.0,64.0,110.0,4.0,0.0,801,0.0,34.0,0.015384615384615385,11.666666666666666,0.11428571428571428,0.06153846153846154
3,4,1,0,0,2,20,980,11760,0,1,611,0,0,63.0,10.5,3645.8333333333335,2.0,0.0,6.0,5.0,44.2,100.8,4.8,0.0,635,49.0,34.0,0.022123893805309734,10.5,0.031746031746031744,0.10619469026548672
0,6,3,0,0,2,41,2009,24108,1,1,612,0,1,71.0,10.142857142857142,2568.8571428571427,0.0,1.0,7.0,5.0,27.2,109.4,4.0,0.0,676,49.0,46.0,0.03546099290780142,10.142857142857142,0.0,0.14184397163120568
3,6,4,0,0,2,58,2842,34104,0,1,649,2,0,41.0,8.2,2076.2,5.0,1.0,5.0,4.0,20.0,108.5,4.0,0.0,1218,49.0,11.0,0.047619047619047616,8.2,0.12195121951219512,0.19047619047619047
4,6,0,0,0,1,2,398,4776,0,1,622,3,0,70.0,11.666666666666666,3880.8333333333335,2.0,0.0,6.0,3.0,40.333333333333336,136.33333333333334,4.333333333333333,0.0,739,199.0,51.0,0.024193548387096774,11.666666666666666,0.02857142857142857,0.10483870967741934
2,6,2,0,1,1,34,6766,81192,1,0,618,2,0,32.0,10.666666666666666,2610.3333333333335,1.0,0.0,3.0,1.0,36.0,135.0,3.0,0.0,1269,199.0,25.0,0.02702702702702703,10.666666666666666,0.03125,0.08108108108108109
4,6,1,0,0,2,35,1715,20580,1,1,622,4,0,61.0,7.625,2659.625,5.0,1.0,8.0,2.0,12.0,78.0,4.5,0.0,1269,49.0,41.0,0.07692307692307693,7.625,0.08196721311475409,0.34615384615384615
3,4,3,0,0,0,30,570,6840,1,1,640,1,0,15.0,7.5,2200.0,0.0,0.0,2.0,3.0,42.666666666666664,111.33333333333333,3.5,0.0,789,19.0,0.0,0.022900763358778626,7.5,0.0,0.08015267175572519
3,4,1,0,0,1,34,6766,81192,0,1,630,2,0,7.0,7.0,1638.0,0.0,0.0,1.0,3.0,26.333333333333332,82.0,5.0,0.0,857,199.0,-8.0,0.03658536585365854,7.0,0.0,0.1829268292682927
2,5,4,0,0,2,14,686,8232,0,1,688,2,1,37.0,9.25,2198.5,0.0,0.0,4.0,2.0,18.5,141.0,4.5,1.0,1245,49.0,27.0,0.05128205128205128,9.25,0.0,0.23076923076923075
1,0,2,0,0,0,33,627,7524,0,1,638,3,1,73.0,12.166666666666666,3013.6666666666665,3.0,0.0,6.0,5.0,22.4,67.4,4.333333333333333,0.0,921,19.0,42.0,0.042735042735042736,12.166666666666666,0.0410958904109589,0.18518518518518517
2,6,4,1,0,1,54,10746,128952,1,0,612,0,0,68.0,8.5,2430.625,5.0,1.0,7.0,4.0,42.25,83.0,3.6666666666666665,0.0,672,199.0,38.0,0.023121387283236993,9.714285714285714,0.07352941176470588,0.08477842003853564
3,6,1,1,0,1,32,6368,76416,0,1,618,2,1,68.0,11.333333333333334,3791.8333333333335,1.0,2.0,5.0,5.0,27.4,46.6,4.0,0.0,1087,199.0,41.0,0.035211267605633804,13.6,0.014705882352941176,0.14084507042253522
3,6,0,0,1,0,47,893,10716,0,1,632,1,1,75.0,9.375,3342.375,1.0,1.0,8.0,2.0,42.0,38.0,3.0,0.0,909,19.0,63.0,0.023255813953488372,9.375,0.013333333333333334,0.06976744186046512
4,6,3,0,0,1,13,2587,31044,1,1,611,2,1,75.0,9.375,3398.0,0.0,0.0,8.0,3.0,47.333333333333336,87.66666666666667,5.0,0.0,888,199.0,60.0,0.020689655172413793,9.375,0.0,0.10344827586206896
3,6,1,0,0,2,22,1078,12936,1,1,685,1,0,79.0,11.285714285714286,3279.714285714286,4.0,2.0,6.0,6.0,23.333333333333332,100.5,4.0,0.0,1246,49.0,41.0,0.04109589041095891,13.166666666666666,0.05063291139240506,0.16438356164383564
1,2,0,0,0,0,26,494,5928,1,0,711,1,2,80.0,10.0,4598.375,9.0,0.0,8.0,3.0,50.333333333333336,93.66666666666667,4.0,0.0,1123,19.0,47.0,0.01948051948051948,10.0,0.1125,0.07792207792207792
1,6,1,0,1,0,42,798,9576,0,1,716,1,0,30.0,10.0,2351.6666666666665,3.0,0.0,3.0,2.0,34.5,61.5,3.5,0.0,1339,19.0,14.0,0.028169014084507043,10.0,0.1,0.09859154929577466
4,5,1,0,1,2,36,1764,21168,0,1,615,2,0,70.0,11.666666666666666,3380.1666666666665,0.0,1.0,5.0,3.0,48.333333333333336,43.0,3.5,0.0,908,49.0,55.0,0.020270270270270268,14.0,0.0,0.07094594594594594
0,6,2,0,0,0,2,0,0,0,0,615,1,0,21.0,10.5,3577.0,0.0,0.0,2.0,3.0,42.666666666666664,75.33333333333333,4.0,0.0,1147,0.0,6.0,0.022900763358778626,10.5,0.0,0.10817776539426024
2,4,2,0,0,0,41,779,9348,0,0,611,2,1,50.0,12.5,1627.5,7.0,2.0,4.0,4.0,35.25,37.25,4.333333333333333,0.0,786,19.0,16.0,0.027586206896551724,12.5,0.14,0.11954022988505746
1,6,3,0,0,0,20,380,4560,1,0,625,3,1,55.0,11.0,2772.2,2.0,1.0,5.0,2.0,15.0,98.5,4.0,0.0,743,19.0,41.0,0.0625,11.0,0.03636363636363636,0.25
4,6,0,0,1,0,9,171,2052,0,1,777,3,1,24.0,8.0,2455.3333333333335,2.0,1.0,3.0,3.0,37.0,69.66666666666667,4.0,0.0,1283,19.0,5.0,0.02631578947368421,8.0,0.08333333333333333,0.10526315789473684
2,5,0,1,0,2,16,784,9408,0,1,637,1,1,70.0,10.0,3727.5714285714284,1.0,1.0,7.0,6.0,28.5,78.83333333333333,4.5,0.0,732,49.0,38.0,0.03389830508474576,10.0,0.014285714285714285,0.15254237288135594
4,6,3,0,0,0,41,779,9348,1,1,675,1,0,27.0,9.0,4036.0,1.0,0.0,3.0,6.0,26.833333333333332,80.5,3.5,0.0,1219,19.0,-5.0,0.03592814371257485,9.0,0.037037037037037035,0.12574850299401197
2,6,3,0,0,0,33,627,7524,0,1,616,0,0,66.0,11.0,3634.0,2.0,0.0,6.0,4.0,17.0,65.25,3.75,0.0,707,19.0,42.0,0.05555555555555555,11.0,0.030303030303030304,0.20833333333333331
0,2,0,1,0,1,59,11741,140892,1,1,621,0,0,59.0,11.8,3404.4,3.0,0.0,5.0,5.0,30.2,102.6,5.0,0.0,806,199.0,28.0,0.032051282051282055,11.8,0.05084745762711865,0.16025641025641027
3,6,0,0,0,1,70,13930,167160,0,1,612,1,0,87.0,9.666666666666666,4024.777777777778,3.0,0.0,8.0,5.0,39.4,62.6,4.0,0.0,1020,199.0,56.0,0.024752475247524754,10.875,0.034482758620689655,0.09900990099009901
0,6,2,0,0,1,29,5771,69252,1,1,612,3,4,46.0,9.2,2305.4,6.0,0.0,5.0,5.0,24.2,56.8,4.333333333333333,0.0,681,199.0,9.0,0.03968253968253968,9.2,0.13043478260869565,0.17195767195767195
4,3,2,0,0,1,43,8557,102684,0,0,664,2,0,44.0,11.0,3659.0,1.0,1.0,4.0,5.0,51.4,134.6,3.5,1.0,872,199.0,17.0,0.019083969465648856,11.0,0.022727272727272728,0.06679389312977099
3,6,0,0,0,0,19,361,4332,0,0,627,1,1,27.0,9.0,1766.0,0.0,0.0,3.0,2.0,45.0,82.0,4.0,0.0,791,19.0,17.0,0.021739130434782608,9.0,0.0,0.08695652173913043
3,6,0,1,1,1,36,7164,85968,1,1,654,0,0,52.0,10.4,1779.6,4.0,1.0,4.0,4.0,29.5,135.5,4.0,0.0,1271,199.0,24.0,0.03278688524590164,13.0,0.07692307692307693,0.13114754098360656
0,5,3,1,1,2,30,1470,17640,0,1,626,1,0,58.0,11.6,2678.8,2.0,0.0,5.0,5.0,35.4,63.0,4.75,0.0,785,49.0,29.0,0.027472527472527472,11.6,0.034482758620689655,0.1304945054945055
4,6,2,0,0,2,20,980,11760,0,0,617,1,0,65.0,10.833333333333334,4075.5,2.0,0.0,6.0,2.0,15.5,103.0,4.0,0.0,658,49.0,51.0,0.06060606060606061,10.833333333333334,0.03076923076923077,0.24242424242424243
2,0,3,0,0,1,50,9950,119400,1,1,644,0,1,39.0,9.75,3167.0,5.0,0.0,4.0,4.0,33.5,156.5,4.0,0.0,1071,199.0,9.0,0.028985507246376812,9.75,0.1282051282051282,0.11594202898550725
0,5,4,0,0,2,7,343,4116,0,1,686,1,0,48.0,12.0,3868.0,10.0,1.0,4.0,1.0,72.0,105.0,4.0,0.0,1063,49.0,23.0,0.0136986301369863,12.0,0.20833333333333334,0.0547945205479452
0,6,4,0,0,1,37,7363,88356,0,1,614,2,0,122.0,11.090909090909092,3389.090909090909,10.0,0.0,10.0,2.0,39.0,167.0,5.0,0.0,638,199.0,92.0,0.025,12.2,0.08196721311475409,0.125
1,1,2,0,0,2,15,0,0,0,1,699,0,0,20.0,10.0,4772.0,0.0,0.0,2.0,3.0,17.666666666666668,120.66666666666667,4.0,0.0,1247,0.0,5.0,0.05357142857142857,10.0,0.0,0.21428571428571427
3,5,4,0,0,1,26,5174,62088,0,1,630,0,0,21.0,10.5,3801.0,1.0,1.0,2.0,3.0,36.666666666666664,51.666666666666664,3.0,0.0,1000,199.0,4.0,0.026548672566371685,10.5,0.047619047619047616,0.07964601769911506
4,4,3,0,0,2,44,2156,25872,0,1,613,0,0,47.0,11.75,4733.0,0.0,0.0,3.0,3.0,17.333333333333332,84.66666666666667,4.5,1.0,889,49.0,32.0,0.05454545454545455,15.666666666666666,0.0,0.24545454545454548
2,2,0,0,0,0,30,570,6840,1,1,620,1,1,34.0,11.333333333333334,1715.3333333333333,4.0,0.0,3.0,4.0,33.75,98.25,3.0,0.0,1227,19.0,6.0,0.02877697841726619,11.333333333333334,0.11764705882352941,0.08633093525179857
0,6,0,0,0,2,31,1519,18228,0,1,643,1,0,35.0,11.666666666666666,2619.0,3.0,1.0,3.0,1.0,51.0,128.0,4.0,0.0,1305,49.0,24.0,0.019230769230769232,11.666666666666666,0.08571428571428572,0.10817776539426024
2,6,2,0,1,0,17,0,0,0,1,755,1,0,25.0,8.333333333333334,2178.0,3.0,0.0,3.0,8.0,41.25,59.75,3.3333333333333335,1.0,1211,0.0,-21.0,0.023668639053254437,8.333333333333334,0.12,0.07889546351084813
3,5,4,0,0,2,56,2744,32928,0,1,676,2,1,43.0,10.75,1574.75,2.0,0.0,4.0,3.0,37.333333333333336,74.0,4.5,0.0,1126,49.0,24.0,0.02608695652173913,10.75,0.046511627906976744,0.11739130434782608
4,4,0,1,0,1,9,1791,21492,0,1,616,2,0,9.0,9.0,4455.0,0.0,0.0,1.0,4.0,28.5,61.0,5.0,0.0,925,199.0,-11.0,0.03389830508474576,9.0,0.0,0.1694915254237288
1,6,4,0,0,1,38,7562,90744,1,0,626,2,0,52.0,8.666666666666666,3803.0,0.0,1.0,6.0,3.0,35.666666666666664,128.33333333333334,4.0,0.0,1160,199.0,37.0,0.027272727272727275,8.666666666666666,0.0,0.1090909090909091
3,6,2,0,0,0,38,722,8664,1,1,620,2,1,26.0,8.666666666666666,3884.6666666666665,2.0,0.0,3.0,3.0,26.666666666666668,107.33333333333333,4.0,0.0,656,19.0,7.0,0.03614457831325301,8.666666666666666,0.07692307692307693,0.14457831325301204
1,6,1,0,1,1,46,9154,109848,1,1,650,0,0,69.0,9.857142857142858,3157.0,3.0,0.0,7.0,1.0,36.0,79.0,4.0,0.0,1302,199.0,58.0,0.02702702702702703,9.857142857142858,0.043478260869565216,0.10817776539426024
3,6,0,0,0,0,38,722,8664,0,1,624,2,1,18.0,9.0,2794.5,1.0,0.0,2.0,3.0,42.333333333333336,118.0,3.0,1.0,1029,19.0,1.0,0.023076923076923075,9.0,0.05555555555555555,0.06923076923076922
0,0,4,1,0,1,16,3184,38208,1,1,628,1,0,46.0,11.5,2711.5,4.0,0.0,4.0,7.0,30.571428571428573,94.71428571428571,3.6666666666666665,0.0,1005,199.0,3.0,0.03167420814479638,11.5,0.08695652173913043,0.11613876319758672
4,6,3,1,0,1,92,0,0,0,1,612,0,0,54.0,10.8,2883.6,0.0,2.0,5.0,6.0,39.833333333333336,82.5,3.5,0.0,685,0.0,24.0,0.024489795918367346,10.8,0.0,0.08571428571428572
2,0,4,0,0,1,41,8159,97908,1,1,663,2,0,25.0,12.5,2410.5,1.0,0.0,2.0,4.0,36.0,88.29166666666666,4.0,0.0,1313,199.0,24.0,0.02702702702702703,12.5,0.04,0.10817776539426024
0,6,3,0,0,0,34,646,7752,1,1,622,0,0,31.0,10.333333333333334,4659.333333333333,2.0,0.0,3.0,5.0,33.2,50.4,3.75,1.0,747,19.0,2.0,0.029239766081871343,10.333333333333334,0.06451612903225806,0.10964912280701754
0,6,3,0,0,0,33,0,0,1,1,639,0,0,21.0,10.5,3150.0,0.0,0.0,2.0,3.0,35.333333333333336,65.33333333333333,4.333333333333333,0.0,988,0.0,6.0,0.027522935779816512,10.5,0.0,0.11926605504587154
4,6,2,0,0,2,48,2352,28224,1,1,617,3,0,42.0,8.4,3351.6,2.0,0.0,5.0,4.0,52.25,115.5,4.666666666666667,1.0,947,49.0,18.0,0.018779342723004695,8.4,0.047619047619047616,0.08763693270735524
2,6,3,0,0,0,57,1083,12996,0,1,616,0,1,27.0,9.0,3336.3333333333335,1.0,0.0,2.0,6.0,42.666666666666664,116.0,4.666666666666667,0.0,895,19.0,-5.0,0.022900763358778626,13.5,0.037037037037037035,0.1068702290076336
3,6,2,0,0,2,31,1519,18228,0,1,614,1,2,35.0,11.666666666666666,2752.0,2.0,0.0,3.0,3.0,56.333333333333336,104.33333333333333,3.5,0.0,655,49.0,16.0,0.01744186046511628,11.666666666666666,0.05714285714285714,0.061046511627906974
4,6,2,1,0,1,22,0,0,0,1,617,1,1,14.0,7.0,2018.0,0.0,0.0,2.0,4.0,44.75,53.5,4.5,0.0,1003,0.0,-6.0,0.02185792349726776,7.0,0.0,0.09836065573770492
4,6,1,0,0,2,35,1715,20580,0,1,618,2,0,69.0,9.857142857142858,3796.714285714286,4.0,3.0,5.0,8.0,45.125,91.125,4.0,0.0,1034,49.0,21.0,0.02168021680216802,13.8,0.057971014492753624,0.08672086720867209
0,6,0,0,1,1,13,2587,31044,1,1,627,1,2,12.0,12.0,3108.0,0.0,0.0,1.0,2.0,35.5,50.5,4.0,0.0,929,199.0,2.0,0.0273972602739726,12.0,0.0,0.1095890410958904
1,5,0,0,0,1,1,0,0,1,0,616,2,0,53.0,10.6,3976.0,1.0,0.0,5.0,3.0,40.666666666666664,38.333333333333336,4.0,0.0,661,0.0,36.0,0.024,10.6,0.018867924528301886,0.096
0,6,2,0,0,1,5,995,11940,1,1,621,0,0,27.0,9.0,3460.3333333333335,4.0,1.0,3.0,3.0,47.333333333333336,65.0,3.5,0.0,759,199.0,4.0,0.020689655172413793,9.0,0.14814814814814814,0.07241379310344828
3,6,3,0,1,1,56,11144,133728,0,0,623,0,1,9.0,9.0,4653.0,0.0,0.0,1.0,9.0,36.55555555555556,81.77777777777777,4.0,0.0,1048,199.0,-36.0,0.02662721893491124,9.0,0.0,0.10650887573964496
0,6,1,0,0,0,29,551,6612,1,1,616,2,0,63.0,10.5,4075.3333333333335,4.0,2.0,6.0,8.0,48.75,98.125,4.166666666666667,1.0,671,19.0,15.0,0.020100502512562814,10.5,0.06349206349206349,0.08375209380234507
4,6,0,0,0,0,20,380,4560,1,0,625,1,1,83.0,10.375,4306.625,2.0,1.0,6.0,7.0,38.285714285714285,110.42857142857143,3.5,0.0,1123,19.0,44.0,0.025454545454545455,13.833333333333334,0.024096385542168676,0.0890909090909091
0,6,3,0,0,2,17,833,9996,1,1,623,1,0,21.0,7.0,2529.6666666666665,8.0,0.0,3.0,5.0,43.0,104.0,4.0,1.0,1255,49.0,-20.0,0.022727272727272728,7.0,0.38095238095238093,0.09090909090909091
3,5,0,0,1,2,13,0,0,1,1,893,0,0,95.0,10.555555555555555,2902.0,8.0,0.0,8.0,4.0,43.0,116.75,3.6666666666666665,0.0,1246,0.0,59.0,0.022727272727272728,11.875,0.08421052631578947,0.08333333333333333
2,6,1,0,0,2,25,1225,14700,0,0,625,2,0,30.0,10.0,3493.6666666666665,2.0,0.0,3.0,6.0,37.5,70.0,4.333333333333333,0.0,1191,49.0,-4.0,0.025974025974025976,10.0,0.06666666666666667,0.11255411255411256
1,6,3,0,1,0,35,665,7980,0,0,622,2,0,50.0,10.0,4247.2,2.0,0.0,4.0,3.0,6.333333333333333,103.33333333333333,4.0,0.0,1267,19.0,31.0,0.13636363636363638,12.5,0.04,0.5454545454545455
1,6,0,0,0,0,11,209,2508,0,1,612,1,1,81.0,10.125,3162.375,3.0,2.0,6.0,5.0,44.8,71.6,5.0,0.0,628,19.0,50.0,0.02183406113537118,13.5,0.037037037037037035,0.1091703056768559
2,0,2,0,0,1,25,4975,59700,0,1,623,3,2,75.0,10.714285714285714,3836.714285714286,2.0,0.0,7.0,4.0,36.0,88.29166666666666,4.0,0.0,670,199.0,24.0,0.02702702702702703,10.714285714285714,0.02666666666666667,0.10817776539426024
3,1,3,0,0,0,61,1159,13908,1,1,638,0,0,29.0,7.25,2069.25,0.0,0.0,4.0,5.0,31.4,107.0,3.5,0.0,1117,19.0,4.0,0.0308641975308642,7.25,0.0,0.1080246913580247
4,6,2,0,0,1,18,3582,42984,1,1,659,3,0,35.0,8.75,3484.75,3.0,2.0,4.0,5.0,33.2,139.6,4.5,0.0,1290,199.0,4.0,0.029239766081871343,8.75,0.08571428571428572,0.13157894736842105
1,5,3,0,1,1,9,1791,21492,0,1,751,1,0,24.0,8.0,2400.0,6.0,0.0,3.0,5.0,48.2,119.2,3.3333333333333335,1.0,1205,199.0,-13.0,0.02032520325203252,8.0,0.25,0.06775067750677508
1,5,3,1,1,0,54,1026,12312,0,0,636,2,0,41.0,8.2,1986.0,2.0,0.0,5.0,4.0,31.0,72.5,3.0,0.0,1017,19.0,17.0,0.03125,8.2,0.04878048780487805,0.09375
1,0,1,0,0,2,38,1862,22344,0,1,633,0,0,111.0,11.1,4251.1,3.0,0.0,10.0,3.0,28.333333333333332,83.33333333333333,3.6666666666666665,1.0,780,49.0,90.0,0.034090909090909095,11.1,0.02702702702702703,0.125
3,1,4,0,0,1,10,1990,23880,1,1,623,2,1,41.0,13.666666666666666,1902.3333333333333,3.0,0.0,3.0,3.0,37.0,93.33333333333333,5.0,0.0,1076,199.0,20.0,0.02631578947368421,13.666666666666666,0.07317073170731707,0.13157894736842105
3,6,2,0,0,1,18,3582,42984,1,1,616,0,0,47.0,9.4,1814.0,1.0,0.0,5.0,5.0,45.0,75.4,4.0,0.0,845,199.0,20.0,0.021739130434782608,9.4,0.02127659574468085,0.08695652173913043
3,6,4,0,1,1,34,6766,81192,0,1,732,2,0,81.0,10.125,2318.375,3.0,1.0,7.0,6.0,30.333333333333332,88.5,4.6,1.0,1049,199.0,45.0,0.03191489361702128,11.571428571428571,0.037037037037037035,0.1468085106382979
3,6,1,0,0,0,9,171,2052,1,1,791,0,1,69.0,8.625,2865.25,1.0,1.0,8.0,4.0,23.25,58.25,4.0,1.0,1259,19.0,47.0,0.041237113402061855,8.625,0.014492753623188406,0.10817776539426024
3,6,1,0,1,2,38,0,0,0,1,692,4,1,76.0,10.857142857142858,4061.5714285714284,10.0,0.0,7.0,5.0,21.2,90.4,4.25,0.0,1185,0.0,31.0,0.04504504504504505,10.857142857142858,0.13157894736842105,0.19144144144144146
1,6,0,0,1,2,10,490,5880,0,0,644,1,1,29.0,14.5,902.0,4.0,0.0,2.0,3.0,29.0,81.33333333333333,4.0,0.0,786,49.0,6.0,0.03333333333333333,14.5,0.13793103448275862,0.13333333333333333
4,2,2,0,0,1,17,3383,40596,1,1,637,2,0,143.0,11.0,2793.3846153846152,2.0,3.0,11.0,3.0,33.333333333333336,49.666666666666664,5.0,0.0,943,199.0,124.0,0.029126213592233007,13.0,0.013986013986013986,0.14563106796116504
1,6,4,0,0,0,9,171,2052,0,1,693,0,1,83.0,9.222222222222221,1679.888888888889,8.0,0.0,7.0,2.0,42.5,159.5,5.0,0.0,952,19.0,57.0,0.022988505747126436,11.857142857142858,0.0963855421686747,0.11494252873563218
1,6,3,0,0,1,16,3184,38208,0,1,616,1,0,10.0,3.3333333333333335,725.0,3.0,0.0,3.0,5.0,37.8,76.0,4.0,0.0,942,199.0,-21.0,0.025773195876288662,3.3333333333333335,0.3,0.10309278350515465
1,6,1,0,1,2,64,3136,37632,1,1,622,2,0,11.0,11.0,2046.0,0.0,1.0,1.0,3.0,36.333333333333336,62.333333333333336,3.0,0.0,1116,49.0,-4.0,0.026785714285714284,11.0,0.0,0.08035714285714285
1,6,1,1,1,2,15,735,8820,0,1,632,3,1,50.0,10.0,3021.392857142857,2.0,0.0,5.0,3.0,36.333333333333336,115.0,4.0,1.0,1312,49.0,24.0,0.026785714285714284,10.5,0.047619047619047616,0.10714285714285714
1,2,3,0,1,0,36,684,8208,0,1,666,0,1,41.0,13.666666666666666,2314.0,1.0,0.0,3.0,3.0,15.333333333333334,42.333333333333336,4.333333333333333,0.0,1172,19.0,24.0,0.06122448979591836,13.666666666666666,0.024390243902439025,0.26530612244897955
1,6,2,0,1,1,30,5970,71640,0,1,614,0,2,56.0,9.333333333333334,3371.8333333333335,6.0,1.0,5.0,3.0,28.0,93.0,4.0,1.0,1314,199.0,29.0,0.034482758620689655,11.2,0.10714285714285714,0.13793103448275862
1,6,1,0,1,1,33,0,0,1,0,612,0,0,80.0,8.88888888888889,2791.5555555555557,6.0,0.0,8.0,7.0,40.42857142857143,76.0,3.8,0.0,683,0.0,33.0,0.02413793103448276,10.0,0.075,0.09172413793103448
0,6,0,0,0,2,30,1470,17640,0,1,638,1,0,50.0,10.0,3387.4,0.0,1.0,4.0,1.0,72.0,111.0,4.0,0.0,1290,49.0,45.0,0.0136986301369863,12.5,0.0,0.10817776539426024
0,4,1,0,0,2,38,1862,22344,0,1,685,1,0,22.0,7.333333333333333,1424.0,1.0,1.0,3.0,4.0,32.5,103.75,4.0,1.0,1007,49.0,0.0,0.029850746268656716,7.333333333333333,0.045454545454545456,0.11940298507462686
0,1,1,0,0,0,34,646,7752,0,1,611,2,0,41.0,10.25,2728.5,0.0,1.0,4.0,2.0,42.0,108.0,3.0,0.0,910,19.0,31.0,0.023255813953488372,10.25,0.0,0.06976744186046512
2,3,4,0,0,1,93,18507,222084,0,1,622,0,0,74.0,9.25,2190.5,10.0,0.0,8.0,1.0,13.0,128.0,3.0,0.0,789,199.0,49.0,0.07142857142857142,9.25,0.13513513513513514,0.21428571428571427
2,4,2,0,0,1,29,0,0,0,1,614,0,0,124.0,10.333333333333334,3086.6666666666665,3.0,1.0,10.0,6.0,26.166666666666668,81.0,3.6666666666666665,0.0,676,0.0,88.0,0.03680981595092024,12.4,0.024193548387096774,0.1349693251533742
3,1,3,0,0,0,39,0,0,0,1,625,1,1,72.0,10.285714285714286,2256.714285714286,1.0,2.0,7.0,4.0,31.25,60.5,4.0,0.0,1088,0.0,50.0,0.031007751937984496,10.285714285714286,0.013888888888888888,0.12403100775193798
3,6,2,1,0,2,28,1372,16464,0,1,654,0,0,11.0,11.0,2090.0,0.0,0.0,1.0,5.0,36.2,116.2,5.0,0.0,1097,49.0,-14.0,0.026881720430107524,11.0,0.0,0.13440860215053763
1,5,4,0,0,1,25,4975,59700,1,1,743,0,0,20.0,10.0,4422.5,2.0,0.0,2.0,5.0,32.8,68.4,4.333333333333333,0.0,1118,199.0,-9.0,0.02958579881656805,10.0,0.1,0.1282051282051282
4,3,2,0,1,2,45,2205,26460,0,1,628,0,1,49.0,9.8,2706.6,0.0,0.0,5.0,6.0,32.5,68.33333333333333,3.6666666666666665,1.0,721,49.0,19.0,0.029850746268656716,9.8,0.0,0.10945273631840795
2,6,4,1,0,2,47,2303,27636,1,1,626,1,0,80.0,10.0,2068.5,7.0,0.0,8.0,4.0,22.5,80.25,5.0,1.0,1023,49.0,46.0,0.0425531914893617,10.0,0.0875,0.2127659574468085
1,6,0,0,0,1,82,0,0,0,1,614,0,1,38.0,9.5,3017.0,6.0,0.0,4.0,7.0,33.0,78.0,4.2,0.0,648,0.0,-9.0,0.029411764705882353,9.5,0.15789473684210525,0.12352941176470589
3,6,4,0,0,2,19,0,0,0,1,618,3,2,83.0,10.375,2932.625,10.0,0.0,7.0,3.0,45.333333333333336,102.66666666666667,4.5,0.0,735,0.0,48.0,0.021582733812949638,11.857142857142858,0.12048192771084337,0.09712230215827337
2,4,3,0,0,2,7,343,4116,1,1,617,1,1,45.0,7.5,3310.5,6.0,1.0,6.0,4.0,28.0,82.0,5.0,1.0,727,49.0,13.0,0.034482758620689655,7.5,0.13333333333333333,0.1724137931034483
4,6,4,0,1,1,31,6169,74028,0,1,625,0,2,50.0,10.0,2924.4,6.0,0.0,5.0,6.0,37.833333333333336,67.83333333333333,5.0,1.0,986,199.0,8.0,0.02575107296137339,10.0,0.12,0.12875536480686695
0,6,1,1,0,1,15,2985,35820,1,1,656,1,2,15.0,15.0,3540.0,2.0,0.0,1.0,3.0,32.666666666666664,88.0,5.0,0.0,823,199.0,-4.0,0.029702970297029705,15.0,0.13333333333333333,0.14851485148514854
1,3,1,0,0,1,15,0,0,0,0,638,1,0,60.0,10.0,2150.1666666666665,2.0,0.0,6.0,2.0,10.0,107.0,3.0,0.0,1233,0.0,46.0,0.09090909090909091,10.0,0.03333333333333333,0.2727272727272727
1,6,3,1,0,1,12,2388,28656,1,1,682,2,0,25.0,8.333333333333334,2059.0,7.0,0.0,3.0,2.0,68.5,86.5,3.0,1.0,1185,199.0,1.0,0.014388489208633094,8.333333333333334,0.28,0.04316546762589928
4,1,3,1,1,1,19,0,0,1,1,611,2,1,44.0,11.0,3495.0,0.0,1.0,4.0,6.0,41.0,86.5,4.333333333333333,0.0,1065,0.0,14.0,0.023809523809523808,11.0,0.0,0.10317460317460315
1,1,3,1,0,0,24,456,5472,1,1,622,0,1,30.0,10.0,3967.0,0.0,1.0,3.0,5.0,39.2,61.4,4.0,0.0,865,19.0,5.0,0.02487562189054726,10.0,0.0,0.09950248756218905
3,1,2,1,1,0,24,456,5472,1,1,763,0,1,66.0,11.0,3712.8333333333335,4.0,0.0,5.0,3.0,44.666666666666664,63.0,4.333333333333333,0.0,1011,19.0,43.0,0.021897810218978103,13.2,0.06060606060606061,0.0948905109489051
3,4,3,0,0,1,86,0,0,1,1,629,0,0,37.0,9.25,3402.5,4.0,1.0,4.0,1.0,47.0,48.0,4.0,0.0,880,0.0,24.0,0.020833333333333332,9.25,0.10810810810810811,0.08333333333333333
1,6,1,0,0,2,33,1617,19404,1,1,614,1,1,25.0,8.333333333333334,1315.6666666666667,1.0,1.0,3.0,5.0,24.2,88.8,4.2,0.0,657,49.0,-2.0,0.03968253968253968,8.333333333333334,0.04,0.16666666666666666
1,6,4,0,1,0,30,0,0,1,1,673,0,0,51.0,8.5,3347.8333333333335,4.0,0.0,5.0,1.0,64.0,136.0,4.0,0.0,1155,0.0,38.0,0.015384615384615385,10.2,0.0784313725490196,0.10817776539426024
4,4,4,0,0,1,30,5970,71640,0,1,721,2,0,59.0,8.428571428571429,3255.5714285714284,3.0,1.0,6.0,5.0,22.2,94.0,3.6666666666666665,1.0,1055,199.0,28.0,0.04310344827586207,9.833333333333334,0.05084745762711865,0.15804597701149425
4,2,2,1,0,2,48,2352,28224,0,1,626,1,0,51.0,10.2,3360.8,1.0,1.0,5.0,3.0,46.333333333333336,67.0,4.333333333333333,0.0,1331,49.0,34.0,0.02112676056338028,10.2,0.0196078431372549,0.09154929577464788
1,6,0,0,1,2,26,1274,15288,1,1,615,1,0,11.0,5.5,1690.0,0.0,0.0,2.0,3.0,18.333333333333332,85.33333333333333,4.0,0.0,925,49.0,-4.0,0.05172413793103449,5.5,0.0,0.10817776539426024
1,6,2,1,0,1,2,398,4776,0,0,623,1,2,55.0,11.0,3888.4,6.0,0.0,5.0,2.0,38.5,98.0,4.0,1.0,854,199.0,33.0,0.02531645569620253,11.0,0.10909090909090909,0.10126582278481013
3,6,0,0,0,1,27,5373,64476,0,1,648,1,3,67.0,11.166666666666666,3305.8333333333335,0.0,0.0,6.0,6.0,31.5,71.0,4.0,0.0,1040,199.0,37.0,0.03076923076923077,11.166666666666666,0.0,0.12307692307692308
4,6,3,0,0,1,63,0,0,0,1,611,2,0,22.0,7.333333333333333,2048.3333333333335,0.0,0.0,3.0,6.0,37.333333333333336,79.16666666666667,4.4,0.0,662,0.0,-8.0,0.02608695652173913,7.333333333333333,0.0,0.11478260869565218
1,3,3,0,1,0,5,95,1140,0,1,612,0,0,39.0,13.0,3859.0,4.0,1.0,3.0,6.0,30.166666666666668,86.16666666666667,3.6666666666666665,0.0,989,19.0,1.0,0.0320855614973262,13.0,0.10256410256410256,0.1176470588235294
1,6,4,1,0,1,70,13930,167160,1,0,653,2,1,55.0,9.166666666666666,2570.3333333333335,4.0,1.0,6.0,4.0,37.25,88.25,3.0,1.0,981,199.0,27.0,0.026143790849673203,9.166666666666666,0.07272727272727272,0.0784313725490196
3,6,3,0,1,1,15,2985,35820,0,1,653,3,2,37.0,9.25,3252.25,2.0,0.0,4.0,1.0,17.0,132.0,4.0,1.0,1218,199.0,28.0,0.05555555555555555,9.25,0.05405405405405406,0.2222222222222222
3,6,1,0,0,2,16,784,9408,0,1,634,1,0,71.0,10.142857142857142,2823.5714285714284,3.0,0.0,7.0,7.0,31.714285714285715,69.85714285714286,3.6666666666666665,0.0,1152,49.0,30.0,0.03056768558951965,10.142857142857142,0.04225352112676056,0.11208151382823871
4,6,2,0,0,0,19,361,4332,0,1,634,1,0,83.0,11.857142857142858,3086.285714285714,8.0,0.0,6.0,2.0,41.0,72.0,3.5,0.0,738,19.0,57.0,0.023809523809523808,13.833333333333334,0.0963855421686747,0.08333333333333333
3,6,4,0,0,0,19,0,0,1,1,686,1,0,71.0,10.142857142857142,3819.714285714286,6.0,1.0,6.0,5.0,36.0,79.4,4.0,1.0,1038,0.0,34.0,0.02702702702702703,11.833333333333334,0.08450704225352113,0.10817776539426024
4,6,2,0,0,0,14,266,3192,0,1,611,0,0,23.0,7.666666666666667,2425.0,5.0,0.0,3.0,7.0,38.0,83.42857142857143,4.5,0.0,616,19.0,-22.0,0.02564102564102564,7.666666666666667,0.21739130434782608,0.11538461538461538
0,5,0,0,0,0,44,836,10032,0,0,613,1,0,23.0,7.666666666666667,3295.6666666666665,1.0,1.0,3.0,4.0,37.5,116.5,3.75,0.0,775,19.0,1.0,0.025974025974025976,7.666666666666667,0.043478260869565216,0.09740259740259741
2,0,3,0,0,1,9,1791,21492,1,1,619,0,0,71.0,8.875,1627.25,3.0,2.0,8.0,2.0,41.0,152.0,4.5,0.0,839,199.0,55.0,0.023809523809523808,8.875,0.04225352112676056,0.10714285714285714
1,6,0,0,1,1,19,3781,45372,0,1,611,2,0,64.0,10.666666666666666,4045.3333333333335,2.0,1.0,6.0,2.0,50.0,82.5,4.0,0.0,861,199.0,50.0,0.0196078431372549,10.666666666666666,0.03125,0.10817776539426024
1,6,2,0,0,2,73,3577,42924,0,0,611,3,0,56.0,11.2,2093.0,4.0,0.0,4.0,4.0,43.25,92.5,4.5,0.0,1083,49.0,28.0,0.022598870056497175,14.0,0.07142857142857142,0.1016949152542373
2,6,2,0,0,2,15,735,8820,0,1,636,3,0,37.0,9.25,3008.0,2.0,1.0,4.0,1.0,49.0,77.0,4.0,0.0,838,49.0,28.0,0.02,9.25,0.05405405405405406,0.10817776539426024
4,2,2,0,0,1,31,6169,74028,1,1,790,0,0,55.0,9.166666666666666,2241.3333333333335,3.0,0.0,6.0,4.0,36.0,88.29166666666666,4.0,0.0,1189,199.0,24.0,0.02702702702702703,9.166666666666666,0.05454545454545454,0.10817776539426024
4,4,3,0,0,1,34,6766,81192,0,1,631,2,0,45.0,9.0,1896.8,9.0,1.0,5.0,9.0,40.888888888888886,71.44444444444444,3.5,0.0,1220,199.0,-18.0,0.02387267904509284,9.0,0.2,0.08355437665782495
3,4,1,0,0,2,19,931,11172,0,0,616,4,1,60.0,10.0,3497.6666666666665,3.0,1.0,6.0,8.0,30.75,73.375,3.0,0.0,708,49.0,14.0,0.031496062992125984,10.0,0.05,0.09448818897637795
0,0,1,1,1,1,40,7960,95520,1,0,626,0,0,39.0,9.75,2341.5,2.0,1.0,4.0,3.0,20.666666666666668,116.33333333333333,5.0,0.0,888,199.0,20.0,0.04615384615384615,9.75,0.05128205128205128,0.23076923076923075
4,6,2,0,0,2,9,441,5292,1,0,613,0,3,41.0,8.2,2117.8,3.0,1.0,5.0,3.0,17.0,69.0,4.0,0.0,759,49.0,20.0,0.05555555555555555,8.2,0.07317073170731707,0.2222222222222222
3,6,2,0,0,0,41,779,9348,0,1,613,1,1,69.0,11.5,4313.166666666667,5.0,1.0,6.0,5.0,40.0,75.6,3.2,0.0,701,19.0,34.0,0.024390243902439025,11.5,0.07246376811594203,0.07804878048780489
3,6,0,0,0,0,70,1330,15960,0,1,612,0,0,71.0,10.142857142857142,4816.428571428572,3.0,0.0,7.0,5.0,49.2,84.0,5.0,0.0,1096,19.0,40.0,0.0199203187250996,10.142857142857142,0.04225352112676056,0.099601593625498
1,5,1,0,0,1,28,5572,66864,0,1,652,0,0,25.0,8.333333333333334,2683.0,2.0,1.0,3.0,4.0,34.0,98.5,5.0,0.0,923,199.0,1.0,0.02857142857142857,8.333333333333334,0.08,0.14285714285714285
3,6,4,0,0,0,13,247,2964,1,1,665,1,1,20.0,10.0,2737.5,5.0,0.0,2.0,6.0,47.833333333333336,87.5,4.25,1.0,1308,19.0,-20.0,0.020477815699658702,10.0,0.25,0.08703071672354948
2,5,4,0,0,1,163,32437,389244,1,1,627,1,0,61.0,10.166666666666666,3011.6666666666665,5.0,2.0,6.0,4.0,37.5,105.5,3.0,0.0,877,199.0,31.0,0.025974025974025976,10.166666666666666,0.08196721311475409,0.07792207792207792
3,6,3,0,0,0,38,722,8664,0,1,617,0,2,57.0,11.4,3437.6,2.0,1.0,5.0,2.0,70.5,106.5,4.0,0.0,738,19.0,43.0,0.013986013986013986,11.4,0.03508771929824561,0.10817776539426024
3,2,0,0,1,2,23,1127,13524,0,1,619,0,0,78.0,9.75,3527.25,4.0,1.0,7.0,1.0,56.0,12.0,4.0,0.0,678,49.0,65.0,0.017543859649122806,11.142857142857142,0.05128205128205128,0.10817776539426024
3,4,3,0,0,1,61,12139,145668,1,1,649,0,0,42.0,10.5,2980.75,3.0,0.0,4.0,5.0,27.6,126.0,4.333333333333333,0.0,1280,199.0,11.0,0.03496503496503496,10.5,0.07142857142857142,0.1515151515151515
0,6,1,0,0,2,22,1078,12936,1,1,613,0,0,46.0,11.5,1194.25,7.0,2.0,4.0,1.0,2.0,2.0,3.0,0.0,759,49.0,27.0,0.3333333333333333,11.5,0.15217391304347827,1.0
1,2,3,0,0,2,6,294,3528,0,1,646,0,0,41.0,10.25,4745.5,2.0,1.0,4.0,5.0,50.4,105.2,3.75,0.0,1030,49.0,12.0,0.019455252918287938,10.25,0.04878048780487805,0.07295719844357977
1,6,2,0,0,0,29,551,6612,1,1,644,1,0,47.0,9.4,4124.0,3.0,0.0,3.0,3.0,42.0,81.0,5.0,0.0,836,19.0,26.0,0.023255813953488372,15.666666666666666,0.06382978723404255,0.11627906976744186
4,6,2,0,0,2,16,0,0,0,1,665,3,1,28.0,9.333333333333334,2647.3333333333335,0.0,0.0,3.0,4.0,41.0,72.5,4.0,0.0,1011,0.0,8.0,0.023809523809523808,9.333333333333334,0.0,0.09523809523809523
4,6,2,1,1,0,21,0,0,0,1,612,1,0,78.0,11.142857142857142,4542.0,2.0,0.0,7.0,9.0,28.444444444444443,66.11111111111111,4.5,0.0,651,0.0,29.0,0.033962264150943396,11.142857142857142,0.02564102564102564,0.15283018867924528
4,6,0,0,0,2,28,1372,16464,0,1,629,1,0,76.0,12.666666666666666,3536.1666666666665,4.0,0.0,6.0,4.0,26.0,98.25,3.0,0.0,1066,49.0,48.0,0.037037037037037035,12.666666666666666,0.05263157894736842,0.1111111111111111
1,2,0,1,1,1,16,3184,38208,1,1,632,2,0,52.0,10.4,2934.2,5.0,2.0,5.0,2.0,29.0,52.5,5.0,0.0,810,199.0,32.0,0.03333333333333333,10.4,0.09615384615384616,0.16666666666666666
1,3,1,0,0,2,32,1568,18816,1,1,625,2,1,46.0,11.5,4393.25,0.0,1.0,4.0,6.0,16.0,88.0,4.0,1.0,895,49.0,16.0,0.058823529411764705,11.5,0.0,0.23529411764705882
0,6,2,0,0,0,18,342,4104,1,1,642,0,3,59.0,11.8,4489.4,2.0,1.0,5.0,5.0,29.2,103.8,3.75,1.0,923,19.0,30.0,0.033112582781456956,11.8,0.03389830508474576,0.12417218543046359
1,5,4,0,0,0,14,266,3192,1,1,633,1,1,58.0,11.6,1464.6,2.0,0.0,5.0,6.0,29.666666666666668,129.83333333333334,4.25,0.0,1004,19.0,24.0,0.03260869565217391,11.6,0.034482758620689655,0.13858695652173914
4,6,2,0,0,1,25,4975,59700,1,1,669,1,0,52.0,10.4,4046.8,3.0,0.0,5.0,5.0,33.4,80.6,4.0,1.0,931,199.0,21.0,0.029069767441860465,10.4,0.057692307692307696,0.11627906976744186
0,6,1,0,0,0,9,171,2052,0,1,619,4,1,45.0,11.25,3710.25,1.0,0.0,4.0,6.0,34.666666666666664,125.33333333333333,3.0,2.0,1083,19.0,13.0,0.028037383177570097,11.25,0.022222222222222223,0.08411214953271029
4,6,2,0,0,0,98,1862,22344,0,1,715,2,1,80.0,10.0,2097.5,5.0,1.0,7.0,5.0,26.6,91.6,4.0,0.0,1340,19.0,45.0,0.036231884057971016,11.428571428571429,0.0625,0.14492753623188406
0,5,1,0,0,2,29,1421,17052,1,1,620,0,0,57.0,8.142857142857142,2920.0,5.0,0.0,7.0,5.0,28.6,99.0,4.0,0.0,811,49.0,22.0,0.03378378378378378,8.142857142857142,0.08771929824561403,0.13513513513513511
2,6,3,1,1,1,28,5572,66864,0,1,627,2,1,44.0,11.0,3485.5,1.0,1.0,4.0,2.0,37.5,120.0,5.0,0.0,889,199.0,32.0,0.025974025974025976,11.0,0.022727272727272728,0.12987012987012989
1,0,1,0,1,0,9,171,2052,0,1,713,0,0,38.0,7.6,2981.2,5.0,0.0,5.0,3.0,32.333333333333336,94.33333333333333,4.333333333333333,1.0,1047,19.0,13.0,0.03,7.6,0.13157894736842105,0.12999999999999998
4,4,0,0,0,1,20,3980,47760,1,0,709,1,0,8.0,8.0,3224.0,1.0,0.0,1.0,7.0,36.57142857142857,106.57142857142857,3.4,0.0,1312,199.0,-29.0,0.02661596958174905,8.0,0.125,0.09049429657794678
2,6,2,0,0,1,45,8955,107460,0,1,624,3,1,57.0,9.5,2000.6666666666667,1.0,1.0,6.0,3.0,37.0,47.333333333333336,3.0,0.0,777,199.0,40.0,0.02631578947368421,9.5,0.017543859649122806,0.07894736842105263
1,2,0,0,1,2,21,1029,12348,0,1,691,1,1,63.0,10.5,2960.1666666666665,5.0,1.0,6.0,2.0,59.0,66.0,3.0,0.0,1225,49.0,43.0,0.016666666666666666,10.5,0.07936507936507936,0.05
4,4,1,0,1,0,20,380,4560,0,0,641,1,1,79.0,11.285714285714286,3727.285714285714,9.0,0.0,6.0,4.0,40.25,74.0,3.5,0.0,1043,19.0,41.0,0.024242424242424242,13.166666666666666,0.11392405063291139,0.08484848484848485
3,6,0,1,0,0,7,133,1596,1,1,664,0,1,28.0,9.333333333333334,2541.0,1.0,0.0,3.0,2.0,56.5,137.5,4.0,0.0,858,19.0,16.0,0.017391304347826087,9.333333333333334,0.03571428571428571,0.10817776539426024
4,6,0,0,0,1,4,796,9552,1,1,698,3,0,58.0,9.666666666666666,2476.6666666666665,4.0,0.0,6.0,5.0,20.2,119.8,4.0,0.0,1146,199.0,25.0,0.04716981132075472,9.666666666666666,0.06896551724137931,0.18867924528301888
1,6,3,1,0,1,30,5970,71640,1,0,630,0,1,38.0,7.6,1217.6,1.0,0.0,4.0,2.0,56.5,98.5,4.0,0.0,1059,199.0,26.0,0.017391304347826087,9.5,0.02631578947368421,0.06956521739130435
0,4,3,1,0,0,57,1083,12996,0,1,698,1,0,63.0,10.5,2393.1666666666665,2.0,1.0,6.0,3.0,54.333333333333336,149.33333333333334,4.0,0.0,1339,19.0,44.0,0.018072289156626505,10.5,0.031746031746031744,0.10817776539426024
1,0,1,1,0,0,50,950,11400,0,1,612,2,0,60.0,10.0,2102.3333333333335,9.0,0.0,6.0,3.0,42.0,58.666666666666664,4.666666666666667,0.0,666,19.0,27.0,0.023255813953488372,10.0,0.15,0.10852713178294573
0,6,3,0,1,2,32,1568,18816,1,1,615,1,0,124.0,10.333333333333334,2350.6666666666665,9.0,3.0,11.0,4.0,39.0,94.5,5.0,0.0,846,49.0,86.0,0.025,11.272727272727273,0.07258064516129033,0.125
0,0,0,0,0,1,5,995,11940,1,1,682,0,0,66.0,11.0,4191.666666666667,2.0,0.0,6.0,5.0,52.2,90.8,3.0,0.0,875,199.0,37.0,0.018796992481203006,11.0,0.030303030303030304,0.05639097744360902
3,0,1,0,0,1,19,0,0,1,1,631,0,0,71.0,10.142857142857142,4499.714285714285,9.0,1.0,6.0,3.0,50.666666666666664,67.33333333333333,3.0,0.0,949,0.0,38.0,0.01935483870967742,11.833333333333334,0.1267605633802817,0.05806451612903226
1,4,1,1,0,2,27,0,0,0,1,666,1,1,83.0,11.857142857142858,3272.1428571428573,1.0,1.0,6.0,7.0,36.0,113.14285714285714,3.6666666666666665,0.0,1016,0.0,46.0,0.02702702702702703,13.833333333333334,0.012048192771084338,0.0990990990990991
3,6,2,0,0,1,24,4776,57312,1,0,617,0,0,37.0,12.333333333333334,3342.3333333333335,1.0,0.0,3.0,5.0,42.6,110.0,3.5,0.0,662,199.0,10.0,0.02293577981651376,12.333333333333334,0.02702702702702703,0.08027522935779816
4,6,2,1,0,2,39,0,0,0,1,637,0,0,50.0,10.0,4433.2,3.0,0.0,5.0,1.0,16.0,99.0,3.0,0.0,827,0.0,39.0,0.058823529411764705,10.0,0.06,0.1764705882352941
4,2,2,0,0,1,36,7164,85968,0,1,732,0,0,55.0,11.0,3412.4,1.0,1.0,5.0,5.0,30.6,115.0,3.3333333333333335,0.0,1239,199.0,28.0,0.03164556962025316,11.0,0.01818181818181818,0.10548523206751054
1,0,0,1,0,1,19,3781,45372,0,1,702,0,0,76.0,10.857142857142858,3249.5714285714284,0.0,1.0,7.0,6.0,31.5,48.333333333333336,4.333333333333333,0.0,1194,199.0,46.0,0.03076923076923077,10.857142857142858,0.0,0.13333333333333333
0,6,1,0,1,0,7,133,1596,0,1,651,0,0,69.0,11.5,2214.8333333333335,6.0,0.0,6.0,2.0,39.5,96.5,4.0,0.0,861,19.0,47.0,0.024691358024691357,11.5,0.08695652173913043,0.09876543209876543
0,0,3,0,0,1,44,8756,105072,0,1,613,3,0,34.0,6.8,2178.0,0.0,1.0,5.0,5.0,27.4,80.0,4.0,1.0,1259,199.0,9.0,0.035211267605633804,6.8,0.0,0.14084507042253522
1,0,2,0,1,0,31,589,7068,0,1,623,0,0,83.0,10.375,2975.875,0.0,1.0,6.0,5.0,33.6,37.6,4.5,0.0,1017,19.0,58.0,0.028901734104046242,13.833333333333334,0.0,0.13005780346820808
3,5,4,0,0,0,15,285,3420,0,0,652,1,1,68.0,11.333333333333334,2845.3333333333335,2.0,0.0,6.0,2.0,39.5,118.5,3.5,0.0,1271,19.0,54.0,0.024691358024691357,11.333333333333334,0.029411764705882353,0.08641975308641975
1,3,2,1,0,2,35,1715,20580,0,1,626,2,1,78.0,9.75,3228.0,1.0,0.0,7.0,1.0,32.0,175.0,4.0,0.0,1249,49.0,71.0,0.030303030303030304,11.142857142857142,0.01282051282051282,0.12121212121212122
0,2,2,0,0,1,18,3582,42984,0,1,682,0,1,37.0,12.333333333333334,5018.666666666667,2.0,0.0,3.0,6.0,38.833333333333336,91.66666666666667,4.2,0.0,1171,199.0,3.0,0.02510460251046025,12.333333333333334,0.05405405405405406,0.10543933054393306
0,6,1,0,0,0,13,247,2964,0,1,615,1,1,48.0,12.0,4873.75,2.0,0.0,4.0,2.0,36.5,137.0,3.5,0.0,1284,19.0,34.0,0.02666666666666667,12.0,0.041666666666666664,0.09333333333333334
4,6,0,1,1,1,9,1791,21492,0,1,632,0,0,52.0,10.4,2405.6,0.0,0.0,4.0,7.0,39.142857142857146,101.14285714285714,3.3333333333333335,1.0,1091,199.0,17.0,0.02491103202846975,13.0,0.0,0.0830367734282325
2,5,1,0,1,0,15,285,3420,1,1,645,3,1,50.0,10.0,3021.392857142857,2.0,0.0,5.0,6.0,29.0,96.83333333333333,3.75,0.0,1162,19.0,24.0,0.03333333333333333,10.5,0.047619047619047616,0.125
3,6,3,0,0,2,23,1127,13524,1,1,614,0,0,31.0,7.75,3052.0,2.0,0.0,4.0,5.0,52.2,82.4,4.333333333333333,0.0,642,49.0,2.0,0.018796992481203006,7.75,0.06451612903225806,0.08145363408521303
1,5,1,0,0,0,7,133,1596,0,0,677,0,1,18.0,9.0,4050.0,0.0,0.0,2.0,4.0,33.25,56.5,3.5,0.0,1104,19.0,-2.0,0.029197080291970802,9.0,0.0,0.10218978102189781
2,0,1,1,0,2,80,3920,47040,0,0,615,0,0,69.0,8.625,1761.5,2.0,0.0,7.0,3.0,28.666666666666668,35.333333333333336,4.0,0.0,659,49.0,50.0,0.033707865168539325,9.857142857142858,0.028985507246376812,0.1348314606741573
4,6,1,0,0,2,69,3381,40572,1,1,618,0,0,54.0,7.714285714285714,2584.1428571428573,3.0,1.0,7.0,5.0,33.4,111.8,4.5,0.0,648,49.0,23.0,0.029069767441860465,7.714285714285714,0.05555555555555555,0.1308139534883721
0,5,1,0,0,0,54,1026,12312,0,0,611,0,1,55.0,11.0,4781.0,2.0,1.0,5.0,2.0,39.5,95.0,4.0,0.0,740,19.0,41.0,0.024691358024691357,11.0,0.03636363636363636,0.09876543209876543
1,1,0,0,0,2,60,2940,35280,1,1,765,3,2,72.0,10.285714285714286,3204.4285714285716,2.0,2.0,7.0,6.0,35.333333333333336,84.33333333333333,3.3333333333333335,1.0,1085,49.0,38.0,0.027522935779816512,10.285714285714286,0.027777777777777776,0.09174311926605504
2,6,3,0,1,0,28,532,6384,0,1,619,0,0,38.0,9.5,3799.0,4.0,0.0,4.0,3.0,14.333333333333334,72.66666666666667,3.0,0.0,847,19.0,15.0,0.06521739130434782,9.5,0.10526315789473684,0.19565217391304346
0,3,4,0,0,0,14,266,3192,1,1,612,4,1,122.0,11.090909090909092,3243.0,6.0,0.0,10.0,5.0,17.8,57.0,4.0,0.0,753,19.0,85.0,0.05319148936170213,12.2,0.04918032786885246,0.2127659574468085
1,6,3,1,0,2,5,245,2940,1,0,614,0,0,25.0,8.333333333333334,2080.6666666666665,2.0,1.0,3.0,7.0,43.142857142857146,103.42857142857143,3.0,0.0,667,49.0,-14.0,0.022653721682847894,8.333333333333334,0.08,0.06796116504854369
4,4,4,0,1,2,14,686,8232,0,1,648,1,0,43.0,7.166666666666667,1537.6666666666667,4.0,0.0,6.0,3.0,64.0,123.0,4.0,0.0,1291,49.0,20.0,0.015384615384615385,7.166666666666667,0.09302325581395349,0.06153846153846154
0,6,0,0,1,2,77,0,0,1,1,615,1,0,37.0,12.333333333333334,3840.0,4.0,1.0,3.0,2.0,33.5,112.5,3.5,0.0,720,0.0,19.0,0.028985507246376812,12.333333333333334,0.10810810810810811,0.10144927536231885
3,5,2,1,1,1,44,8756,105072,0,1,625,3,0,61.0,10.166666666666666,3088.3333333333335,5.0,0.0,6.0,2.0,41.5,48.5,5.0,0.0,1085,199.0,41.0,0.023529411764705882,10.166666666666666,0.08196721311475409,0.11764705882352941
2,6,0,0,0,2,92,4508,54096,0,1,641,0,0,53.0,10.6,3169.2,5.0,1.0,5.0,5.0,29.2,95.0,3.75,0.0,890,49.0,18.0,0.033112582781456956,10.6,0.09433962264150944,0.12417218543046359
0,4,0,0,0,1,5,995,11940,0,1,626,2,0,109.0,9.909090909090908,3203.181818181818,1.0,1.0,10.0,3.0,52.666666666666664,70.0,4.0,0.0,1039,199.0,92.0,0.018633540372670808,10.9,0.009174311926605505,0.07453416149068323
4,0,4,0,0,2,18,882,10584,0,1,624,1,1,49.0,12.25,2706.0,6.0,0.0,4.0,5.0,46.0,68.2,3.6666666666666665,0.0,1206,49.0,12.0,0.02127659574468085,12.25,0.12244897959183673,0.07801418439716312
0,1,4,0,0,0,19,0,0,0,0,622,0,0,32.0,8.0,1561.75,1.0,0.0,4.0,4.0,48.25,94.25,3.0,0.0,828,0.0,10.0,0.02030456852791878,8.0,0.03125,0.06091370558375634
0,1,1,1,0,2,67,3283,39396,1,1,620,1,1,29.0,14.5,5818.5,1.0,0.0,2.0,2.0,28.0,89.0,4.5,0.0,1039,49.0,17.0,0.034482758620689655,14.5,0.034482758620689655,0.15517241379310345
3,0,1,0,1,1,55,10945,131340,0,1,653,1,0,47.0,11.75,4036.25,4.0,1.0,4.0,1.0,1.0,144.0,3.0,0.0,1197,199.0,34.0,0.5,11.75,0.0851063829787234,1.5
2,4,2,0,0,1,27,5373,64476,1,1,633,1,1,62.0,8.857142857142858,2269.285714285714,10.0,0.0,7.0,3.0,28.666666666666668,104.66666666666667,4.0,0.0,967,199.0,27.0,0.033707865168539325,8.857142857142858,0.16129032258064516,0.1348314606741573
2,6,4,0,0,0,5,95,1140,1,1,684,0,1,55.0,7.857142857142857,2137.4285714285716,3.0,1.0,7.0,4.0,31.5,101.0,4.5,0.0,792,19.0,29.0,0.03076923076923077,7.857142857142857,0.05454545454545454,0.13846153846153847
0,6,0,0,0,0,5,0,0,1,1,641,0,0,56.0,11.2,4165.2,4.0,2.0,5.0,3.0,25.333333333333332,127.0,3.0,0.0,951,0.0,33.0,0.0379746835443038,11.2,0.07142857142857142,0.11392405063291139
4,0,3,0,0,0,21,399,4788,0,1,683,1,0,57.0,9.5,3084.0,9.0,1.0,6.0,2.0,35.5,97.5,3.5,0.0,1316,19.0,29.0,0.0273972602739726,9.5,0.15789473684210525,0.0958904109589041
3,5,1,0,0,1,41,8159,97908,0,1,620,0,0,41.0,13.666666666666666,3915.3333333333335,1.0,0.0,3.0,7.0,26.571428571428573,83.71428571428571,3.5,0.0,717,199.0,4.0,0.03626943005181347,13.666666666666666,0.024390243902439025,0.12694300518134713
1,6,2,0,0,2,11,0,0,1,0,668,0,0,20.0,10.0,1936.5,2.0,0.0,2.0,2.0,24.5,98.5,4.0,0.0,1032,0.0,6.0,0.0392156862745098,10.0,0.1,0.10817776539426024
1,6,0,0,0,1,17,3383,40596,0,1,660,3,2,95.0,10.555555555555555,4236.222222222223,4.0,1.0,9.0,3.0,52.333333333333336,150.0,5.0,1.0,1030,199.0,72.0,0.01875,10.555555555555555,0.042105263157894736,0.09375
1,6,3,0,0,2,47,2303,27636,0,1,630,0,0,34.0,8.5,1295.5,1.0,0.0,4.0,5.0,36.0,110.6,4.0,1.0,1203,49.0,7.0,0.02702702702702703,8.5,0.029411764705882353,0.10810810810810811
3,0,2,0,0,1,15,2985,35820,1,0,639,2,0,61.0,8.714285714285714,2038.2857142857142,1.0,1.0,6.0,4.0,45.0,29.5,3.25,0.0,740,199.0,39.0,0.021739130434782608,10.166666666666666,0.01639344262295082,0.07065217391304347
1,2,4,0,0,0,17,323,3876,1,1,611,0,0,37.0,7.4,1721.4,1.0,0.0,3.0,5.0,26.4,105.8,4.333333333333333,0.0,711,19.0,10.0,0.03649635036496351,12.333333333333334,0.02702702702702703,0.15815085158150852
0,6,1,1,0,1,8,0,0,0,1,617,0,0,25.0,8.333333333333334,2261.0,0.0,0.0,3.0,4.0,16.5,84.75,3.6666666666666665,0.0,635,0.0,5.0,0.05714285714285714,8.333333333333334,0.0,0.2095238095238095
2,3,4,0,0,0,19,361,4332,0,1,647,2,0,92.0,10.222222222222221,2852.4444444444443,11.0,1.0,8.0,6.0,49.5,108.16666666666667,4.0,1.0,970,19.0,40.0,0.019801980198019802,11.5,0.11956521739130435,0.07920792079207921
0,6,4,0,0,2,94,4606,55272,0,1,613,2,1,18.0,9.0,2987.5,3.0,0.0,2.0,5.0,35.6,105.8,4.0,0.0,681,49.0,-13.0,0.0273224043715847,9.0,0.16666666666666666,0.1092896174863388
1,6,0,0,1,0,27,513,6156,0,1,622,0,0,84.0,10.5,2544.125,5.0,1.0,7.0,3.0,13.666666666666666,66.66666666666667,4.0,0.0,1216,19.0,59.0,0.06818181818181819,12.0,0.05952380952380952,0.27272727272727276
4,3,2,0,0,1,65,12935,155220,0,1,617,0,0,49.0,12.25,3422.25,5.0,0.0,4.0,4.0,29.25,48.5,4.0,0.0,687,199.0,19.0,0.03305785123966942,12.25,0.10204081632653061,0.1322314049586777
3,4,0,0,1,1,8,0,0,0,1,700,0,0,45.0,11.25,1967.0,7.0,1.0,4.0,10.0,42.5,101.8,3.7142857142857144,0.0,1092,0.0,-19.0,0.022988505747126436,11.25,0.15555555555555556,0.08538587848932677
3,6,0,1,0,1,37,7363,88356,1,1,624,1,0,118.0,11.8,3813.8,1.0,1.0,9.0,4.0,24.0,90.75,3.5,0.0,774,199.0,96.0,0.04,13.11111111111111,0.00847457627118644,0.14
4,6,0,1,0,1,42,8358,100296,1,0,681,2,2,31.0,7.75,1105.75,4.0,1.0,4.0,4.0,46.5,82.0,3.5,0.0,1190,199.0,3.0,0.021052631578947368,7.75,0.12903225806451613,0.07368421052631578
0,4,2,0,0,2,25,1225,14700,1,1,648,0,2,16.0,8.0,3748.0,4.0,0.0,2.0,4.0,57.5,39.0,4.0,1.0,788,49.0,-12.0,0.017094017094017096,8.0,0.25,0.06837606837606838
3,6,0,0,0,2,52,2548,30576,1,0,799,0,1,68.0,9.714285714285714,3617.714285714286,4.0,0.0,7.0,2.0,31.0,156.5,3.5,0.0,1315,49.0,50.0,0.03125,9.714285714285714,0.058823529411764705,0.109375
2,6,2,0,0,1,24,4776,57312,0,0,613,1,1,9.0,9.0,297.0,0.0,0.0,1.0,3.0,33.0,50.666666666666664,5.0,1.0,1010,199.0,-6.0,0.029411764705882353,9.0,0.0,0.14705882352941177
4,6,2,0,0,2,28,1372,16464,1,1,657,0,0,23.0,7.666666666666667,2233.0,6.0,0.0,3.0,3.0,42.666666666666664,86.33333333333333,4.0,0.0,910,49.0,-4.0,0.022900763358778626,7.666666666666667,0.2608695652173913,0.0916030534351145
0,6,2,0,0,2,58,2842,34104,0,1,622,1,1,119.0,10.818181818181818,3207.7272727272725,10.0,0.0,9.0,6.0,44.333333333333336,116.83333333333333,3.5,1.0,882,49.0,69.0,0.022058823529411763,13.222222222222221,0.08403361344537816,0.07720588235294117
3,2,2,0,1,1,14,2786,33432,1,1,631,0,0,36.0,9.0,2515.0,1.0,0.0,4.0,6.0,43.5,89.0,4.333333333333333,0.0,826,199.0,4.0,0.02247191011235955,9.0,0.027777777777777776,0.09737827715355804
4,6,2,0,0,2,67,3283,39396,0,1,617,0,2,16.0,8.0,3239.5,0.0,0.0,2.0,3.0,11.0,78.0,3.0,0.0,667,49.0,1.0,0.08333333333333333,8.0,0.0,0.25
1,6,2,0,0,0,29,0,0,0,1,625,1,0,34.0,8.5,2659.0,2.0,0.0,4.0,4.0,30.75,59.75,3.6666666666666665,0.0,851,0.0,10.0,0.031496062992125984,8.5,0.058823529411764705,0.11548556430446194
1,6,2,0,0,2,21,1029,12348,0,1,611,1,0,46.0,9.2,3879.2,3.0,0.0,4.0,5.0,31.4,90.4,4.0,1.0,612,49.0,15.0,0.0308641975308642,11.5,0.06521739130434782,0.1234567901234568
3,6,4,0,0,2,11,0,0,1,1,628,1,1,58.0,11.6,2615.8,0.0,0.0,5.0,4.0,47.25,83.25,4.0,0.0,719,0.0,38.0,0.02072538860103627,11.6,0.0,0.08290155440414508
4,6,4,0,1,1,51,0,0,0,1,614,1,0,77.0,9.625,3929.625,7.0,2.0,5.0,3.0,42.333333333333336,76.66666666666667,3.5,0.0,693,0.0,48.0,0.023076923076923075,15.4,0.09090909090909091,0.08076923076923076
4,6,3,0,1,0,83,1577,18924,0,1,617,2,0,11.0,11.0,5643.0,3.0,0.0,1.0,2.0,48.5,85.0,4.0,0.0,730,19.0,-5.0,0.020202020202020204,11.0,0.2727272727272727,0.08080808080808081
2,4,2,0,0,1,50,9950,119400,0,1,649,1,1,45.0,11.25,3366.5,2.0,1.0,4.0,4.0,42.25,78.25,3.75,0.0,901,199.0,21.0,0.023121387283236993,11.25,0.044444444444444446,0.08670520231213873
4,4,0,0,1,1,22,4378,52536,1,1,617,0,1,61.0,12.2,3720.6,0.0,0.0,5.0,8.0,29.125,111.5,3.6666666666666665,0.0,675,199.0,21.0,0.03319502074688797,12.2,0.0,0.12171507607192254
3,6,1,0,1,1,8,1592,19104,0,0,615,1,1,39.0,13.0,4045.0,1.0,0.0,3.0,5.0,42.2,107.4,4.333333333333333,0.0,879,199.0,12.0,0.023148148148148147,13.0,0.02564102564102564,0.10030864197530863
2,6,4,0,0,0,8,152,1824,1,1,756,0,1,69.0,11.5,2925.6666666666665,1.0,0.0,6.0,5.0,34.8,79.4,4.333333333333333,1.0,916,19.0,42.0,0.02793296089385475,11.5,0.014492753623188406,0.12104283054003724
0,3,1,0,0,0,50,950,11400,1,1,632,0,0,74.0,10.571428571428571,3287.714285714286,4.0,2.0,6.0,4.0,32.0,55.25,4.5,0.0,1080,19.0,46.0,0.030303030303030304,12.333333333333334,0.05405405405405406,0.13636363636363635
2,6,2,0,0,2,26,1274,15288,1,1,624,1,0,29.0,9.666666666666666,2522.6666666666665,4.0,0.0,3.0,5.0,38.6,51.0,4.0,0.0,1248,49.0,-4.0,0.025252525252525252,9.666666666666666,0.13793103448275862,0.10101010101010101
3,6,3,1,1,0,12,228,2736,1,1,634,0,1,41.0,10.25,1986.0,5.0,0.0,4.0,6.0,29.166666666666668,83.16666666666667,4.0,0.0,960,19.0,1.0,0.03314917127071823,10.25,0.12195121951219512,0.13259668508287292
0,5,1,0,0,0,23,437,5244,0,1,625,1,1,52.0,10.4,2777.6,2.0,1.0,5.0,4.0,33.0,101.25,3.75,1.0,766,19.0,28.0,0.029411764705882353,10.4,0.038461538461538464,0.11029411764705882
1,0,2,0,0,0,52,988,11856,0,0,617,1,2,69.0,11.5,3190.5,3.0,0.0,5.0,4.0,32.75,35.5,4.0,0.0,660,19.0,43.0,0.02962962962962963,13.8,0.043478260869565216,0.11851851851851852
0,6,3,0,1,0,8,152,1824,0,1,613,4,0,21.0,7.0,2328.0,1.0,0.0,3.0,8.0,29.25,49.0,4.4,0.0,727,19.0,-21.0,0.03305785123966942,7.0,0.047619047619047616,0.14545454545454548
3,5,0,1,0,1,64,12736,152832,0,1,711,1,3,26.0,6.5,2152.25,1.0,0.0,4.0,7.0,41.714285714285715,129.57142857142858,4.4,0.0,1124,199.0,-11.0,0.023411371237458192,6.5,0.038461538461538464,0.10301003344481606
4,6,4,0,0,0,2,38,456,0,1,737,2,0,36.0,9.0,3422.0,2.0,1.0,4.0,4.0,29.25,91.0,3.0,0.0,983,19.0,12.0,0.03305785123966942,9.0,0.05555555555555555,0.09917355371900827
1,1,3,1,0,2,18,882,10584,0,1,632,0,2,47.0,9.4,2805.0,1.0,0.0,5.0,3.0,24.0,83.0,4.0,0.0,1110,49.0,30.0,0.04,9.4,0.02127659574468085,0.10817776539426024
4,6,4,0,0,0,16,304,3648,0,1,619,0,0,39.0,13.0,4748.333333333333,2.0,0.0,2.0,1.0,53.0,19.0,4.0,0.0,650,19.0,30.0,0.018518518518518517,19.5,0.05128205128205128,0.10817776539426024
0,4,4,1,0,2,33,1617,19404,1,1,614,1,0,23.0,11.5,2306.0,2.0,1.0,2.0,6.0,43.5,80.5,4.333333333333333,0.0,1157,49.0,-11.0,0.02247191011235955,11.5,0.08695652173913043,0.09737827715355804
2,6,0,1,0,2,58,2842,34104,0,1,619,0,0,6.0,6.0,1950.0,0.0,1.0,1.0,9.0,44.44444444444444,99.44444444444444,4.142857142857143,0.0,982,49.0,-39.0,0.022004889975550123,6.0,0.0,0.09116311561299338
1,6,2,0,0,1,12,2388,28656,1,1,614,2,0,37.0,7.4,3247.8,6.0,1.0,5.0,3.0,25.666666666666668,86.33333333333333,4.0,0.0,668,199.0,10.0,0.0375,7.4,0.16216216216216217,0.15
3,6,1,0,1,1,17,3383,40596,1,1,629,0,1,31.0,7.75,3611.75,0.0,0.0,4.0,2.0,63.0,49.5,4.0,0.0,798,199.0,21.0,0.015625,7.75,0.0,0.0625
0,6,4,0,0,1,28,5572,66864,1,1,673,0,1,51.0,10.2,3796.8,2.0,1.0,5.0,5.0,37.4,72.0,5.0,0.0,1180,199.0,22.0,0.026041666666666668,10.2,0.0392156862745098,0.13020833333333334
2,0,0,0,0,1,9,1791,21492,0,1,613,0,0,42.0,8.4,2093.0,1.0,1.0,4.0,5.0,48.4,72.4,3.0,0.0,731,199.0,15.0,0.020242914979757085,10.5,0.023809523809523808,0.06072874493927126
2,5,4,1,1,0,21,399,4788,0,1,629,0,1,52.0,8.666666666666666,1495.6666666666667,2.0,0.0,6.0,2.0,28.0,61.5,4.0,0.0,709,19.0,38.0,0.034482758620689655,8.666666666666666,0.038461538461538464,0.13793103448275862
1,6,1,0,1,0,25,0,0,0,1,621,0,0,14.0,7.0,1200.5,3.0,0.0,2.0,4.0,31.25,93.75,3.0,0.0,664,0.0,-12.0,0.031007751937984496,7.0,0.21428571428571427,0.09302325581395349
3,4,2,0,0,0,6,114,1368,0,1,611,3,1,40.0,10.0,2005.25,2.0,0.0,4.0,5.0,49.0,76.4,4.0,0.0,1062,19.0,11.0,0.02,10.0,0.05,0.08
2,6,3,1,0,1,10,0,0,0,1,642,0,0,53.0,8.833333333333334,1428.5,1.0,1.0,6.0,3.0,29.333333333333332,71.33333333333333,4.5,0.0,901,0.0,36.0,0.03296703296703297,8.833333333333334,0.018867924528301886,0.14835164835164835
0,6,1,0,0,1,44,8756,105072,0,1,613,0,0,35.0,11.666666666666666,2681.6666666666665,0.0,0.0,3.0,1.0,45.0,37.0,4.0,0.0,802,199.0,30.0,0.021739130434782608,11.666666666666666,0.0,0.08695652173913043
2,6,0,0,0,1,9,1791,21492,1,1,714,1,0,55.0,11.0,3252.8,8.0,1.0,5.0,7.0,20.0,67.57142857142857,4.8,0.0,1285,199.0,4.0,0.047619047619047616,11.0,0.14545454545454545,0.22857142857142854
0,6,2,0,0,2,56,2744,32928,1,0,714,0,0,62.0,10.333333333333334,2719.0,3.0,2.0,6.0,2.0,31.5,21.5,3.0,0.0,1080,49.0,46.0,0.03076923076923077,10.333333333333334,0.04838709677419355,0.09230769230769231
3,6,3,0,0,0,22,418,5016,0,1,632,1,1,62.0,10.333333333333334,2176.5,1.0,1.0,6.0,2.0,24.5,52.0,4.0,0.0,901,19.0,50.0,0.0392156862745098,10.333333333333334,0.016129032258064516,0.1568627450980392
4,6,4,1,1,0,45,855,10260,0,1,636,3,0,92.0,11.5,3765.125,0.0,0.0,7.0,7.0,40.42857142857143,96.57142857142857,3.6666666666666665,0.0,1106,19.0,57.0,0.02413793103448276,13.142857142857142,0.0,0.08850574712643677
2,6,1,1,1,2,68,3332,39984,0,1,726,0,0,19.0,9.5,2693.5,0.0,0.0,2.0,4.0,49.25,56.75,4.0,0.0,935,49.0,-1.0,0.01990049751243781,9.5,0.0,0.07960199004975124
4,6,1,0,0,2,17,833,9996,1,1,627,1,0,51.0,10.2,2006.6,2.0,1.0,5.0,4.0,30.0,102.25,3.0,0.0,1021,49.0,27.0,0.03225806451612903,10.2,0.0392156862745098,0.0967741935483871
1,6,1,0,0,0,34,646,7752,1,1,623,0,0,54.0,10.8,3294.6,5.0,0.0,5.0,8.0,33.875,120.875,4.2,0.0,686,19.0,4.0,0.02867383512544803,10.8,0.09259259259259259,0.12043010752688173
3,1,3,0,0,0,13,247,2964,0,1,653,3,0,51.0,12.75,5026.75,1.0,0.0,4.0,4.0,40.0,63.25,4.666666666666667,1.0,1009,19.0,29.0,0.024390243902439025,12.75,0.0196078431372549,0.11382113821138212
0,6,2,0,0,2,19,931,11172,1,1,616,1,0,26.0,8.666666666666666,2828.6666666666665,0.0,0.0,3.0,4.0,28.0,122.25,4.666666666666667,0.0,635,49.0,6.0,0.034482758620689655,8.666666666666666,0.0,0.16091954022988506
4,6,2,0,0,1,29,5771,69252,1,1,694,1,0,50.0,10.0,3021.392857142857,2.0,0.0,5.0,4.0,36.75,90.5,4.666666666666667,0.0,895,199.0,24.0,0.026490066225165563,10.5,0.047619047619047616,0.12362030905077263
0,6,0,1,0,1,28,5572,66864,0,0,732,3,0,16.0,8.0,2136.0,3.0,0.0,2.0,4.0,31.75,106.25,4.0,0.0,1024,199.0,-10.0,0.030534351145038167,8.0,0.1875,0.12213740458015267
2,6,0,0,0,0,13,247,2964,1,1,614,0,1,59.0,9.833333333333334,2836.3333333333335,9.0,1.0,6.0,7.0,17.714285714285715,58.57142857142857,4.5,1.0,819,19.0,6.0,0.05343511450381679,9.833333333333334,0.15254237288135594,0.24045801526717556
3,6,0,1,0,2,39,1911,22932,1,1,657,0,0,32.0,10.666666666666666,3111.3333333333335,0.0,0.0,3.0,5.0,41.4,87.8,4.0,0.0,982,49.0,7.0,0.02358490566037736,10.666666666666666,0.0,0.09433962264150944
3,5,2,0,0,0,32,608,7296,0,0,642,2,0,62.0,10.333333333333334,3045.6666666666665,2.0,0.0,6.0,2.0,27.0,100.0,4.0,0.0,1139,19.0,48.0,0.03571428571428571,10.333333333333334,0.03225806451612903,0.10817776539426024
1,6,3,0,0,2,3,147,1764,0,1,611,0,0,34.0,8.5,2311.25,5.0,0.0,4.0,7.0,28.857142857142858,102.85714285714286,3.0,0.0,698,49.0,-11.0,0.03349282296650718,8.5,0.14705882352941177,0.10047846889952153
4,5,3,0,0,1,14,2786,33432,0,0,687,3,0,22.0,7.333333333333333,2203.3333333333335,2.0,1.0,3.0,3.0,41.333333333333336,79.33333333333333,3.0,0.0,882,199.0,3.0,0.023622047244094488,7.333333333333333,0.09090909090909091,0.07086614173228346
0,6,2,0,1,1,18,3582,42984,1,1,615,3,0,27.0,9.0,2018.3333333333333,1.0,0.0,3.0,5.0,21.8,66.2,4.0,1.0,699,199.0,0.0,0.043859649122807015,9.0,0.037037037037037035,0.17543859649122806
0,4,3,0,0,1,50,9950,119400,0,1,742,0,0,65.0,9.285714285714286,2822.4285714285716,4.0,1.0,6.0,7.0,25.571428571428573,62.285714285714285,3.6,1.0,889,199.0,22.0,0.03763440860215054,10.833333333333334,0.06153846153846154,0.13548387096774195
4,6,1,0,0,0,21,399,4788,0,0,652,0,1,46.0,11.5,2845.0,4.0,1.0,3.0,9.0,35.666666666666664,83.44444444444444,3.8,0.0,981,19.0,-7.0,0.027272727272727275,15.333333333333334,0.08695652173913043,0.10363636363636364
2,6,4,1,0,2,14,686,8232,0,1,611,1,0,32.0,10.666666666666666,2095.0,2.0,0.0,3.0,4.0,27.5,101.25,4.0,0.0,1303,49.0,8.0,0.03508771929824561,10.666666666666666,0.0625,0.14035087719298245
2,5,3,0,0,1,41,8159,97908,0,1,620,1,0,33.0,8.25,1966.5,1.0,0.0,4.0,3.0,57.0,172.33333333333334,4.0,0.0,681,199.0,16.0,0.017241379310344827,8.25,0.030303030303030304,0.06896551724137931
4,6,2,0,0,0,21,399,4788,1,0,648,3,0,85.0,7.7272727272727275,2479.090909090909,6.0,0.0,10.0,7.0,26.714285714285715,96.28571428571429,4.333333333333333,0.0,868,19.0,38.0,0.03608247422680412,8.5,0.07058823529411765,0.15635738831615117
3,6,1,0,0,2,10,490,5880,0,0,668,1,0,54.0,9.0,3273.8333333333335,4.0,2.0,5.0,1.0,25.0,115.0,3.0,0.0,756,49.0,41.0,0.038461538461538464,10.8,0.07407407407407407,0.11538461538461539
2,6,4,0,0,1,2,398,4776,1,1,616,1,0,59.0,9.833333333333334,2833.3333333333335,3.0,0.0,6.0,3.0,34.666666666666664,79.33333333333333,5.0,0.0,1187,199.0,38.0,0.028037383177570097,9.833333333333334,0.05084745762711865,0.14018691588785048
4,5,2,0,0,0,29,551,6612,1,1,615,0,0,75.0,12.5,4503.166666666667,1.0,0.0,6.0,3.0,28.666666666666668,92.0,3.0,0.0,1255,19.0,58.0,0.033707865168539325,12.5,0.013333333333333334,0.10112359550561797
1,3,3,0,0,0,9,171,2052,0,1,613,0,0,71.0,11.833333333333334,2446.1666666666665,0.0,2.0,6.0,5.0,34.2,113.6,3.6,0.0,617,19.0,46.0,0.028409090909090908,11.833333333333334,0.0,0.10227272727272727
3,6,4,0,0,0,25,475,5700,0,1,614,1,0,58.0,9.666666666666666,2316.8333333333335,5.0,1.0,6.0,1.0,68.0,117.0,5.0,0.0,717,19.0,43.0,0.014492753623188406,9.666666666666666,0.08620689655172414,0.07246376811594203
0,5,2,0,0,2,12,588,7056,1,1,624,1,1,33.0,8.25,2604.0,1.0,0.0,4.0,2.0,53.0,109.5,5.0,0.0,923,49.0,21.0,0.018518518518518517,8.25,0.030303030303030304,0.09259259259259259
0,6,2,0,1,2,26,1274,15288,0,1,616,0,0,22.0,11.0,5536.0,2.0,0.0,2.0,3.0,34.333333333333336,60.0,4.0,0.0,679,49.0,3.0,0.028301886792452827,11.0,0.09090909090909091,0.11320754716981131
1,6,3,0,1,0,20,380,4560,0,1,613,2,0,49.0,9.8,1768.6,2.0,0.0,5.0,4.0,34.5,81.75,4.0,0.0,647,19.0,25.0,0.028169014084507043,9.8,0.04081632653061224,0.11267605633802817
2,6,0,0,0,0,17,323,3876,0,1,637,2,0,13.0,13.0,4355.0,0.0,0.0,1.0,2.0,44.5,139.0,5.0,0.0,1000,19.0,3.0,0.02197802197802198,13.0,0.0,0.1098901098901099
1,6,2,1,1,2,36,1764,21168,1,1,666,2,0,31.0,10.333333333333334,4533.333333333333,1.0,1.0,3.0,7.0,52.57142857142857,89.42857142857143,3.6666666666666665,1.0,1024,49.0,-6.0,0.018666666666666668,10.333333333333334,0.03225806451612903,0.06844444444444445
1,5,4,0,0,0,26,0,0,1,1,611,3,0,25.0,12.5,3773.5,0.0,0.0,2.0,5.0,27.0,59.2,4.0,0.0,769,0.0,0.0,0.03571428571428571,12.5,0.0,0.14285714285714285
4,6,1,0,0,2,11,539,6468,0,1,634,1,0,45.0,9.0,1792.2,9.0,1.0,5.0,4.0,45.75,55.0,4.0,0.0,655,49.0,7.0,0.0213903743315508,9.0,0.2,0.0855614973262032
2,6,0,0,0,0,32,608,7296,0,1,614,2,1,59.0,9.833333333333334,3376.3333333333335,2.0,0.0,6.0,3.0,41.0,91.0,3.5,0.0,971,19.0,40.0,0.023809523809523808,9.833333333333334,0.03389830508474576,0.08333333333333333
1,6,0,0,1,2,17,833,9996,0,1,631,2,0,81.0,9.0,2180.5555555555557,1.0,0.0,7.0,6.0,41.666666666666664,88.83333333333333,4.0,0.0,992,49.0,49.0,0.0234375,11.571428571428571,0.012345679012345678,0.09375
0,1,2,1,0,1,49,9751,117012,1,0,680,1,1,12.0,6.0,2858.0,0.0,0.0,1.0,4.0,43.75,100.25,4.0,0.0,1262,199.0,-8.0,0.0223463687150838,12.0,0.0,0.0893854748603352
4,6,4,0,0,1,11,2189,26268,1,1,685,0,0,111.0,11.1,4855.7,5.0,1.0,9.0,2.0,57.5,128.5,4.0,0.0,789,199.0,91.0,0.017094017094017096,12.333333333333334,0.04504504504504504,0.10817776539426024
4,6,0,0,0,2,41,2009,24108,1,1,632,1,0,85.0,10.625,2182.0,6.0,2.0,6.0,2.0,43.5,136.5,3.0,0.0,1207,49.0,63.0,0.02247191011235955,14.166666666666666,0.07058823529411765,0.06741573033707865
4,1,0,0,0,2,21,1029,12348,0,1,611,0,1,9.0,9.0,3951.0,0.0,0.0,1.0,2.0,36.5,78.0,3.0,0.0,632,49.0,-1.0,0.02666666666666667,9.0,0.0,0.08
2,6,0,0,0,0,10,190,2280,1,1,670,1,0,9.0,9.0,3996.0,1.0,0.0,1.0,7.0,27.714285714285715,86.14285714285714,4.2,1.0,893,19.0,-28.0,0.03482587064676617,9.0,0.1111111111111111,0.14626865671641792
0,4,1,0,1,2,87,4263,51156,1,1,612,2,1,46.0,11.5,3172.0,0.0,1.0,4.0,4.0,18.75,97.0,4.0,1.0,716,49.0,26.0,0.05063291139240506,11.5,0.0,0.20253164556962025
3,6,1,0,1,2,24,1176,14112,0,1,613,1,0,43.0,10.75,2740.25,4.0,0.0,4.0,3.0,17.0,99.0,5.0,0.0,795,49.0,20.0,0.05555555555555555,10.75,0.09302325581395349,0.2777777777777778
4,3,1,0,1,0,16,304,3648,0,1,668,2,0,77.0,9.625,2917.125,6.0,1.0,8.0,4.0,32.25,83.25,5.0,1.0,965,19.0,45.0,0.03007518796992481,9.625,0.07792207792207792,0.15037593984962405
4,6,0,0,0,0,23,437,5244,0,1,625,2,0,53.0,10.6,4517.8,0.0,0.0,5.0,11.0,32.72727272727273,106.36363636363636,4.142857142857143,0.0,950,19.0,-2.0,0.029649595687331536,10.6,0.0,0.1228340392760878
3,0,2,0,0,1,70,13930,167160,0,1,613,2,0,33.0,11.0,3576.6666666666665,2.0,0.0,3.0,4.0,54.75,106.25,3.75,1.0,722,199.0,9.0,0.017937219730941704,11.0,0.06060606060606061,0.06726457399103139
0,6,2,0,0,0,39,741,8892,1,1,617,3,1,75.0,10.714285714285714,3020.285714285714,2.0,1.0,6.0,3.0,51.333333333333336,67.0,3.3333333333333335,0.0,849,19.0,56.0,0.01910828025477707,12.5,0.02666666666666667,0.06369426751592357
2,6,0,1,0,0,35,665,7980,0,1,615,1,0,59.0,9.833333333333334,2428.5,0.0,0.0,6.0,6.0,41.166666666666664,65.83333333333333,4.2,1.0,813,19.0,29.0,0.023715415019762848,9.833333333333334,0.0,0.09960474308300396
4,6,1,1,1,2,5,245,2940,0,1,620,0,0,102.0,12.75,3738.25,1.0,0.0,8.0,1.0,16.0,1.0,4.0,0.0,881,49.0,95.0,0.058823529411764705,12.75,0.00980392156862745,0.10817776539426024
1,0,2,0,0,2,44,2156,25872,1,1,694,2,0,24.0,12.0,5166.0,0.0,1.0,2.0,4.0,29.5,39.25,4.0,0.0,1114,49.0,4.0,0.03278688524590164,12.0,0.0,0.13114754098360656
1,6,0,0,0,2,9,0,0,1,0,624,0,0,111.0,9.25,3230.4166666666665,8.0,0.0,9.0,4.0,36.0,88.29166666666666,4.0,0.0,1287,0.0,24.0,0.02702702702702703,12.333333333333334,0.07207207207207207,0.10817776539426024
0,6,4,0,0,2,31,1519,18228,0,0,635,1,1,68.0,11.333333333333334,1711.6666666666667,1.0,0.0,5.0,4.0,30.25,119.0,4.0,0.0,1258,49.0,46.0,0.032,13.6,0.014705882352941176,0.128
0,4,0,0,0,2,43,0,0,0,1,617,0,0,100.0,10.0,3249.5,4.0,1.0,9.0,6.0,24.666666666666668,94.33333333333333,4.0,0.0,676,0.0,62.0,0.03896103896103896,11.11111111111111,0.04,0.15584415584415584
1,5,0,0,1,1,4,796,9552,1,1,655,1,0,30.0,15.0,5760.0,4.0,1.0,2.0,2.0,28.0,100.0,3.0,1.0,1048,199.0,12.0,0.034482758620689655,15.0,0.13333333333333333,0.10344827586206896
1,5,2,0,0,1,41,8159,97908,0,0,653,0,0,56.0,9.333333333333334,2619.1666666666665,6.0,1.0,6.0,5.0,24.4,55.0,3.2,0.0,861,199.0,19.0,0.03937007874015748,9.333333333333334,0.10714285714285714,0.12598425196850394
3,1,3,0,0,1,32,6368,76416,1,1,627,0,0,50.0,10.0,3219.6,0.0,0.0,5.0,4.0,44.75,116.5,3.5,1.0,1079,199.0,30.0,0.02185792349726776,10.0,0.0,0.07650273224043716
4,6,4,0,0,0,29,551,6612,1,1,622,1,0,51.0,10.2,3842.4,0.0,2.0,4.0,3.0,36.333333333333336,88.33333333333333,4.5,0.0,718,19.0,36.0,0.026785714285714284,12.75,0.0,0.12053571428571427
2,6,1,0,0,1,23,4577,54924,1,1,630,0,0,71.0,8.875,2751.625,8.0,2.0,8.0,5.0,41.2,91.8,4.0,0.0,1033,199.0,30.0,0.023696682464454975,8.875,0.11267605633802817,0.0947867298578199
1,6,1,0,0,0,29,551,6612,0,0,619,0,0,69.0,9.857142857142858,2907.285714285714,6.0,0.0,5.0,5.0,42.6,77.2,3.0,0.0,704,19.0,32.0,0.02293577981651376,13.8,0.08695652173913043,0.06880733944954127
2,5,3,0,1,0,26,494,5928,1,1,642,1,2,24.0,8.0,1224.0,9.0,0.0,3.0,5.0,39.8,91.6,4.25,1.0,793,19.0,-19.0,0.02450980392156863,8.0,0.375,0.10416666666666669
0,6,3,0,0,2,28,1372,16464,1,0,616,2,1,74.0,10.571428571428571,2762.0,5.0,0.0,6.0,3.0,22.333333333333332,102.33333333333333,4.0,0.0,1194,49.0,49.0,0.04285714285714286,12.333333333333334,0.06756756756756757,0.17142857142857143
4,6,2,1,1,0,10,190,2280,0,0,686,0,1,57.0,11.4,4502.6,6.0,0.0,5.0,5.0,50.4,116.2,4.2,0.0,1095,19.0,20.0,0.019455252918287938,11.4,0.10526315789473684,0.08171206225680934
2,3,3,0,0,2,87,4263,51156,0,1,632,2,0,34.0,11.333333333333334,3875.3333333333335,4.0,1.0,3.0,4.0,29.5,38.0,4.0,0.0,972,49.0,6.0,0.03278688524590164,11.333333333333334,0.11764705882352941,0.13114754098360656
4,6,1,0,0,1,30,5970,71640,1,1,760,1,2,107.0,10.7,3861.2,4.0,0.0,8.0,5.0,34.8,112.6,4.5,1.0,822,199.0,74.0,0.02793296089385475,13.375,0.037383177570093455,0.12569832402234637
1,3,4,1,0,2,30,0,0,1,1,620,1,0,55.0,9.166666666666666,2882.0,1.0,0.0,6.0,6.0,49.833333333333336,118.33333333333333,4.0,0.0,691,0.0,23.0,0.019672131147540982,9.166666666666666,0.01818181818181818,0.07868852459016393
0,4,4,0,0,2,42,2058,24696,1,1,621,2,0,27.0,9.0,3761.6666666666665,0.0,0.0,3.0,9.0,44.55555555555556,82.55555555555556,4.0,0.0,1325,49.0,-18.0,0.02195121951219512,9.0,0.0,0.08780487804878048
2,4,4,0,0,2,19,931,11172,1,0,612,2,0,76.0,10.857142857142858,3533.4285714285716,11.0,1.0,7.0,4.0,59.5,41.0,4.0,1.0,669,49.0,34.0,0.01652892561983471,10.857142857142858,0.14473684210526316,0.10817776539426024
0,6,0,0,0,0,18,342,4104,1,1,708,2,0,36.0,12.0,3120.6666666666665,2.0,1.0,3.0,6.0,36.833333333333336,86.16666666666667,3.25,0.0,1296,19.0,2.0,0.026431718061674006,12.0,0.05555555555555555,0.08590308370044052
1,5,0,0,0,2,18,882,10584,1,1,628,3,0,43.0,8.6,3216.6,5.0,0.0,5.0,4.0,21.0,34.0,3.5,0.0,866,49.0,13.0,0.045454545454545456,8.6,0.11627906976744186,0.1590909090909091
2,6,2,0,1,2,3,147,1764,1,1,622,1,0,69.0,9.857142857142858,2829.0,6.0,1.0,7.0,4.0,36.0,88.29166666666666,4.0,0.0,873,49.0,24.0,0.02702702702702703,9.857142857142858,0.08695652173913043,0.10817776539426024
0,2,3,0,1,2,47,2303,27636,0,1,627,0,0,123.0,11.181818181818182,3729.6363636363635,5.0,3.0,10.0,4.0,47.0,95.25,5.0,0.0,1299,49.0,93.0,0.020833333333333332,12.3,0.04065040650406504,0.10416666666666666
1,6,0,0,0,0,69,1311,15732,0,1,637,1,1,45.0,11.25,3631.0,2.0,0.0,4.0,7.0,30.714285714285715,105.57142857142857,3.5,0.0,785,19.0,6.0,0.03153153153153153,11.25,0.044444444444444446,0.11036036036036034
2,0,4,0,0,1,105,20895,250740,0,0,655,3,0,99.0,11.0,4484.111111111111,2.0,0.0,8.0,2.0,38.5,75.0,3.5,0.0,976,199.0,85.0,0.02531645569620253,12.375,0.020202020202020204,0.08860759493670886
0,6,1,0,1,0,28,532,6384,0,1,655,2,1,72.0,9.0,1452.0,2.0,2.0,7.0,3.0,40.333333333333336,67.66666666666667,4.0,0.0,1214,19.0,53.0,0.024193548387096774,10.285714285714286,0.027777777777777776,0.0967741935483871
1,6,0,0,0,2,33,1617,19404,1,1,627,0,1,42.0,8.4,3193.6,2.0,1.0,5.0,4.0,30.75,85.75,3.0,0.0,891,49.0,18.0,0.031496062992125984,8.4,0.047619047619047616,0.09448818897637795
1,6,3,0,0,0,15,285,3420,0,1,611,0,1,53.0,10.6,3245.4,4.0,0.0,5.0,5.0,23.8,90.2,3.0,0.0,633,19.0,20.0,0.04032258064516129,10.6,0.07547169811320754,0.12096774193548387
1,6,3,0,0,2,17,833,9996,0,1,623,3,0,79.0,9.875,3281.25,3.0,1.0,7.0,2.0,51.0,83.5,3.5,0.0,1257,49.0,63.0,0.019230769230769232,11.285714285714286,0.0379746835443038,0.06730769230769232
0,6,2,0,0,2,54,2646,31752,0,1,615,2,0,50.0,10.0,3021.392857142857,2.0,0.0,5.0,7.0,33.285714285714285,74.71428571428571,4.0,0.0,783,49.0,24.0,0.029166666666666667,10.5,0.047619047619047616,0.11666666666666667
0,6,3,0,0,0,39,0,0,1,1,613,0,0,61.0,10.166666666666666,2699.1666666666665,2.0,3.0,5.0,1.0,19.0,26.0,4.0,0.0,665,0.0,52.0,0.05,12.2,0.03278688524590164,0.2
3,5,4,1,0,0,74,1406,16872,0,1,647,3,0,36.0,9.0,1649.5,1.0,0.0,4.0,5.0,45.8,96.6,4.0,0.0,905,19.0,9.0,0.021367521367521368,9.0,0.027777777777777776,0.08547008547008547
0,5,1,0,0,0,10,0,0,0,0,629,0,0,68.0,9.714285714285714,2801.5714285714284,4.0,1.0,5.0,2.0,46.5,123.0,5.0,0.0,1298,0.0,50.0,0.021052631578947368,13.6,0.058823529411764705,0.10526315789473684
2,6,1,1,0,0,35,665,7980,0,1,619,0,0,48.0,8.0,2309.3333333333335,4.0,1.0,6.0,3.0,48.333333333333336,111.66666666666667,3.5,0.0,687,19.0,25.0,0.020270270270270268,8.0,0.08333333333333333,0.07094594594594594
3,3,0,1,0,1,22,4378,52536,0,1,634,1,1,54.0,9.0,2133.0,1.0,1.0,5.0,4.0,24.25,119.5,4.0,0.0,816,199.0,32.0,0.039603960396039604,10.8,0.018518518518518517,0.15841584158415842
1,6,2,0,0,0,13,247,2964,1,1,612,1,1,97.0,10.777777777777779,3463.8888888888887,0.0,0.0,8.0,3.0,39.0,128.33333333333334,3.0,0.0,647,19.0,82.0,0.025,12.125,0.0,0.07500000000000001
0,6,3,0,0,1,34,6766,81192,1,0,632,1,0,49.0,9.8,2896.8,1.0,0.0,5.0,4.0,20.0,69.25,4.0,0.0,681,199.0,27.0,0.047619047619047616,9.8,0.02040816326530612,0.19047619047619047
3,5,4,0,0,0,25,475,5700,1,1,621,0,0,53.0,10.6,2918.8,2.0,0.0,5.0,2.0,33.5,105.0,4.0,0.0,722,19.0,39.0,0.028985507246376812,10.6,0.03773584905660377,0.10817776539426024
2,6,3,0,0,1,45,8955,107460,1,1,613,1,1,35.0,8.75,3706.25,2.0,0.0,3.0,4.0,47.5,98.0,3.0,1.0,887,199.0,11.0,0.020618556701030927,11.666666666666666,0.05714285714285714,0.061855670103092786
0,5,0,0,0,1,40,7960,95520,0,1,615,3,0,27.0,9.0,3554.6666666666665,2.0,1.0,3.0,3.0,40.0,75.33333333333333,4.333333333333333,0.0,934,199.0,8.0,0.024390243902439025,9.0,0.07407407407407407,0.1056910569105691
3,6,1,0,0,1,23,4577,54924,0,1,655,2,0,98.0,10.88888888888889,3163.4444444444443,4.0,1.0,7.0,5.0,36.0,89.8,4.5,0.0,1315,199.0,65.0,0.02702702702702703,14.0,0.04081632653061224,0.12162162162162163
0,4,1,0,0,0,27,513,6156,0,1,621,1,1,71.0,11.833333333333334,3022.5,3.0,0.0,5.0,4.0,53.75,82.75,3.5,0.0,1221,19.0,45.0,0.0182648401826484,14.2,0.04225352112676056,0.0639269406392694
0,5,1,1,0,2,41,2009,24108,1,1,621,0,0,88.0,9.777777777777779,1484.5555555555557,3.0,1.0,9.0,1.0,24.0,5.0,4.0,0.0,715,49.0,77.0,0.04,9.777777777777779,0.03409090909090909,0.16
3,0,1,0,0,1,9,0,0,0,1,630,2,0,4.0,4.0,2304.0,0.0,0.0,1.0,3.0,35.0,91.33333333333333,3.6666666666666665,0.0,1216,0.0,-11.0,0.027777777777777776,4.0,0.0,0.10185185185185185
1,3,4,0,0,2,11,539,6468,1,1,611,0,0,39.0,9.75,3537.75,4.0,1.0,4.0,3.0,47.666666666666664,75.33333333333333,4.333333333333333,0.0,611,49.0,16.0,0.020547945205479454,9.75,0.10256410256410256,0.08904109589041097
2,6,4,1,0,1,60,11940,143280,0,1,765,0,1,46.0,9.2,1280.6,0.0,1.0,5.0,5.0,39.6,122.0,3.6666666666666665,0.0,986,199.0,21.0,0.02463054187192118,9.2,0.0,0.09031198686371099
3,4,3,0,0,2,38,1862,22344,0,1,630,1,0,85.0,12.142857142857142,3928.0,7.0,0.0,6.0,3.0,37.333333333333336,102.33333333333333,4.0,0.0,1180,49.0,56.0,0.02608695652173913,14.166666666666666,0.08235294117647059,0.10434782608695652
3,4,0,0,0,1,20,3980,47760,0,1,650,2,0,37.0,12.333333333333334,2970.6666666666665,3.0,1.0,3.0,3.0,13.666666666666666,87.66666666666667,3.5,1.0,1217,199.0,16.0,0.06818181818181819,12.333333333333334,0.08108108108108109,0.23863636363636367
0,6,4,1,0,0,49,931,11172,1,0,615,3,0,43.0,10.75,3866.5,2.0,1.0,4.0,2.0,64.0,86.0,3.0,0.0,1315,19.0,29.0,0.015384615384615385,10.75,0.046511627906976744,0.046153846153846156
3,5,2,0,0,0,71,1349,16188,0,1,621,4,0,27.0,9.0,3423.6666666666665,0.0,0.0,3.0,5.0,39.6,130.0,4.333333333333333,0.0,777,19.0,2.0,0.02463054187192118,9.0,0.0,0.10673234811165844
1,3,1,0,1,2,61,2989,35868,0,1,682,2,1,32.0,8.0,3364.0,4.0,0.0,4.0,2.0,33.5,80.0,4.5,1.0,1025,49.0,14.0,0.028985507246376812,8.0,0.125,0.13043478260869565
1,1,2,0,1,2,55,2695,32340,1,1,615,0,0,51.0,12.75,3000.25,3.0,1.0,3.0,4.0,27.0,88.25,4.0,0.0,921,49.0,25.0,0.03571428571428571,17.0,0.058823529411764705,0.14285714285714285
2,6,3,0,1,0,8,152,1824,1,0,632,0,2,21.0,10.5,1484.0,0.0,0.0,2.0,7.0,32.0,100.57142857142857,4.0,0.0,1017,19.0,-14.0,0.030303030303030304,10.5,0.0,0.12121212121212122
4,5,0,0,0,0,42,798,9576,1,1,677,1,0,48.0,9.6,2994.6,3.0,3.0,5.0,2.0,43.5,54.0,3.0,0.0,1210,19.0,32.0,0.02247191011235955,9.6,0.0625,0.06741573033707865
4,2,2,0,0,1,7,0,0,0,1,661,1,1,71.0,10.142857142857142,3261.1428571428573,7.0,0.0,7.0,3.0,41.333333333333336,89.33333333333333,4.0,0.0,898,0.0,42.0,0.023622047244094488,10.142857142857142,0.09859154929577464,0.09448818897637795
3,6,0,0,1,2,69,3381,40572,1,0,626,0,1,28.0,9.333333333333334,1140.0,4.0,0.0,3.0,5.0,37.8,49.0,4.6,1.0,811,49.0,-5.0,0.025773195876288662,9.333333333333334,0.14285714285714285,0.11855670103092783
3,6,3,1,1,0,28,532,6384,0,1,611,0,0,44.0,11.0,3994.5,3.0,0.0,3.0,8.0,29.75,81.625,3.8333333333333335,1.0,615,19.0,-2.0,0.032520325203252036,14.666666666666666,0.06818181818181818,0.12466124661246614
0,6,3,0,0,2,23,1127,13524,1,1,658,2,0,68.0,11.333333333333334,2990.6666666666665,1.0,1.0,6.0,3.0,58.0,76.0,3.0,0.0,1261,49.0,51.0,0.01694915254237288,11.333333333333334,0.014705882352941176,0.05084745762711865
0,5,2,0,0,1,22,4378,52536,0,1,622,4,1,23.0,11.5,3425.0,0.0,0.0,2.0,4.0,40.25,68.25,3.6666666666666665,1.0,1213,199.0,3.0,0.024242424242424242,11.5,0.0,0.08888888888888888
3,6,3,0,0,1,117,23283,279396,0,1,628,1,1,48.0,12.0,3238.25,2.0,0.0,4.0,4.0,39.25,76.25,4.0,0.0,685,199.0,24.0,0.024844720496894408,12.0,0.041666666666666664,0.09937888198757763
4,4,3,0,0,2,16,0,0,1,1,726,0,0,36.0,12.0,4989.0,4.0,0.0,3.0,5.0,30.6,98.4,3.5,0.0,1166,0.0,3.0,0.03164556962025316,12.0,0.1111111111111111,0.11075949367088606
2,1,2,1,0,0,26,494,5928,1,0,640,3,0,52.0,10.4,2699.8,5.0,0.0,5.0,3.0,30.333333333333332,78.0,4.0,0.0,764,19.0,27.0,0.03191489361702128,10.4,0.09615384615384616,0.12765957446808512
4,6,0,0,0,0,22,418,5016,0,1,688,1,0,69.0,9.857142857142858,1783.857142857143,7.0,1.0,6.0,4.0,26.25,120.5,4.0,0.0,1295,19.0,35.0,0.03669724770642202,11.5,0.10144927536231885,0.14678899082568808
4,5,1,0,0,1,26,0,0,1,1,640,0,0,50.0,12.5,3121.0,2.0,1.0,4.0,5.0,28.8,96.4,4.0,0.0,915,0.0,21.0,0.03355704697986577,12.5,0.04,0.1342281879194631
0,5,4,0,0,2,35,0,0,0,1,674,0,0,80.0,10.0,3324.875,0.0,0.0,7.0,6.0,23.166666666666668,112.0,4.25,1.0,783,0.0,50.0,0.041379310344827586,11.428571428571429,0.0,0.17586206896551723
1,6,2,0,0,1,39,0,0,0,1,628,1,0,51.0,10.2,3343.4,1.0,0.0,4.0,2.0,53.0,119.5,5.0,0.0,1091,0.0,39.0,0.018518518518518517,12.75,0.0196078431372549,0.09259259259259259
3,6,1,0,0,2,44,2156,25872,1,1,689,0,0,70.0,10.0,3264.5714285714284,4.0,0.0,7.0,3.0,13.0,70.33333333333333,3.0,0.0,1280,49.0,47.0,0.07142857142857142,10.0,0.05714285714285714,0.21428571428571427
0,5,4,0,0,2,26,1274,15288,1,0,680,1,0,20.0,10.0,4379.5,3.0,0.0,2.0,3.0,30.666666666666668,115.0,4.666666666666667,0.0,1133,49.0,-1.0,0.031578947368421054,10.0,0.15,0.1473684210526316
0,3,0,0,0,1,69,13731,164772,0,1,636,1,0,72.0,10.285714285714286,3004.285714285714,4.0,0.0,6.0,7.0,32.857142857142854,113.42857142857143,4.333333333333333,0.0,1015,199.0,29.0,0.029535864978902957,12.0,0.05555555555555555,0.1279887482419128
4,6,0,0,0,2,9,0,0,1,1,625,0,0,42.0,10.5,4314.0,0.0,0.0,4.0,7.0,45.0,86.14285714285714,4.4,0.0,814,0.0,7.0,0.021739130434782608,10.5,0.0,0.09565217391304348
0,6,0,0,0,0,111,2109,25308,1,1,719,1,0,25.0,8.333333333333334,2993.6666666666665,0.0,0.0,3.0,5.0,28.8,121.0,3.6666666666666665,0.0,1216,19.0,0.0,0.03355704697986577,8.333333333333334,0.0,0.12304250559284116
0,2,3,1,1,1,19,3781,45372,0,1,728,1,0,58.0,11.6,5508.4,0.0,0.0,5.0,2.0,20.5,143.0,5.0,1.0,1290,199.0,48.0,0.046511627906976744,11.6,0.0,0.23255813953488372
3,1,3,0,0,0,50,950,11400,0,1,668,1,0,62.0,8.857142857142858,3251.1428571428573,3.0,1.0,7.0,6.0,43.0,67.5,3.2,0.0,1087,19.0,26.0,0.022727272727272728,8.857142857142858,0.04838709677419355,0.07272727272727274
3,4,1,1,1,0,17,0,0,0,0,616,2,0,92.0,11.5,3316.5,5.0,2.0,8.0,4.0,8.0,123.75,4.333333333333333,0.0,1021,0.0,62.0,0.1111111111111111,11.5,0.05434782608695652,0.4814814814814814
1,0,1,0,0,0,23,437,5244,1,0,654,1,1,92.0,9.2,2432.3,5.0,1.0,10.0,5.0,55.0,88.6,4.0,1.0,863,19.0,57.0,0.017857142857142856,9.2,0.05434782608695652,0.07142857142857142
1,6,0,1,0,2,25,1225,14700,1,1,702,2,0,40.0,10.0,3553.5,4.0,0.0,4.0,3.0,16.333333333333332,131.66666666666666,3.5,0.0,1249,49.0,17.0,0.057692307692307696,10.0,0.1,0.20192307692307693
0,6,4,0,0,1,6,1194,14328,1,0,612,1,1,33.0,11.0,5595.666666666667,5.0,1.0,3.0,1.0,36.0,31.0,4.0,0.0,744,199.0,18.0,0.02702702702702703,11.0,0.15151515151515152,0.10810810810810811
1,6,2,1,1,1,12,0,0,1,1,627,1,3,66.0,9.428571428571429,3404.8571428571427,1.0,1.0,7.0,4.0,36.0,88.29166666666666,4.0,0.0,730,0.0,24.0,0.02702702702702703,9.428571428571429,0.015151515151515152,0.10817776539426024
3,0,4,0,0,0,17,0,0,0,0,644,1,0,75.0,12.5,5823.333333333333,0.0,1.0,6.0,6.0,39.0,100.83333333333333,4.25,0.0,900,0.0,45.0,0.025,12.5,0.0,0.10625000000000001
2,6,3,0,0,2,36,1764,21168,1,1,623,0,0,79.0,9.875,3355.75,4.0,1.0,8.0,6.0,48.333333333333336,95.83333333333333,4.25,1.0,967,49.0,41.0,0.020270270270270268,9.875,0.05063291139240506,0.08614864864864864
0,6,2,1,0,2,30,0,0,0,1,705,2,2,98.0,10.88888888888889,2606.4444444444443,7.0,1.0,8.0,4.0,32.5,62.75,4.0,1.0,1142,0.0,64.0,0.029850746268656716,12.25,0.07142857142857142,0.11940298507462686
1,4,4,0,0,2,33,1617,19404,1,1,669,1,1,88.0,11.0,2845.5,4.0,1.0,8.0,2.0,66.0,79.0,4.0,1.0,825,49.0,70.0,0.014925373134328358,11.0,0.045454545454545456,0.05970149253731343
4,6,2,0,0,1,11,0,0,0,0,611,0,0,49.0,8.166666666666666,1633.3333333333333,3.0,0.0,5.0,2.0,14.5,81.5,5.0,0.0,645,0.0,33.0,0.06451612903225806,9.8,0.061224489795918366,0.3225806451612903
0,6,4,0,1,0,24,0,0,0,0,646,2,0,23.0,11.5,2233.5,0.0,1.0,2.0,2.0,30.0,62.5,4.0,0.0,959,0.0,13.0,0.03225806451612903,11.5,0.0,0.12903225806451613
4,6,3,0,1,2,7,343,4116,1,0,631,2,0,62.0,10.333333333333334,4356.166666666667,2.0,0.0,6.0,3.0,48.0,67.0,4.5,0.0,1138,49.0,43.0,0.02040816326530612,10.333333333333334,0.03225806451612903,0.09183673469387754
2,6,4,1,1,0,10,190,2280,0,1,651,0,1,51.0,12.75,4399.25,5.0,0.0,4.0,5.0,45.2,124.6,4.333333333333333,2.0,1295,19.0,16.0,0.021645021645021644,12.75,0.09803921568627451,0.09379509379509378
1,6,3,1,0,1,10,1990,23880,1,1,616,0,1,93.0,10.333333333333334,3185.4444444444443,4.0,0.0,8.0,5.0,38.4,81.2,4.6,0.0,810,199.0,60.0,0.025380710659898477,11.625,0.043010752688172046,0.11675126903553298
4,6,1,0,0,1,23,4577,54924,0,0,616,2,0,42.0,10.5,4260.0,5.0,2.0,4.0,3.0,48.333333333333336,137.66666666666666,3.0,0.0,1006,199.0,17.0,0.020270270270270268,10.5,0.11904761904761904,0.0608108108108108
4,6,3,1,0,0,18,342,4104,1,1,634,2,0,46.0,9.2,4541.0,5.0,0.0,5.0,4.0,19.25,94.5,4.25,0.0,1035,19.0,16.0,0.04938271604938271,9.2,0.10869565217391304,0.20987654320987653
4,6,2,1,0,2,51,2499,29988,1,1,619,4,2,67.0,11.166666666666666,2580.0,0.0,1.0,5.0,3.0,27.333333333333332,72.66666666666667,4.0,1.0,840,49.0,52.0,0.03529411764705882,13.4,0.0,0.10817776539426024
2,3,3,0,0,1,1,199,2388,0,1,625,0,0,50.0,7.142857142857143,2568.714285714286,1.0,1.0,6.0,5.0,23.8,88.6,3.6666666666666665,0.0,1002,199.0,23.0,0.04032258064516129,8.333333333333334,0.02,0.14784946236559138
2,6,4,0,0,1,40,7960,95520,1,1,612,0,0,63.0,10.5,1844.1666666666667,5.0,1.0,6.0,5.0,23.0,76.2,4.25,0.0,637,199.0,28.0,0.041666666666666664,10.5,0.07936507936507936,0.17708333333333331
4,6,2,0,1,1,16,3184,38208,0,0,617,3,0,51.0,10.2,2638.4,1.0,1.0,5.0,8.0,35.25,65.625,3.8,0.0,749,199.0,9.0,0.027586206896551724,10.2,0.0196078431372549,0.10482758620689654
3,6,3,0,0,1,45,8955,107460,1,1,629,0,0,15.0,5.0,896.6666666666666,0.0,0.0,3.0,5.0,29.8,112.8,4.0,0.0,850,199.0,-10.0,0.032467532467532464,5.0,0.0,0.12987012987012986
3,6,2,0,0,2,15,735,8820,0,1,693,1,0,46.0,9.2,2389.0,6.0,0.0,5.0,4.0,64.25,79.25,4.5,1.0,1190,49.0,14.0,0.01532567049808429,9.2,0.13043478260869565,0.06896551724137931
1,6,0,1,1,2,26,1274,15288,0,1,775,0,0,71.0,10.142857142857142,4556.142857142857,2.0,0.0,6.0,4.0,38.5,140.75,4.0,0.0,1322,49.0,47.0,0.02531645569620253,11.833333333333334,0.028169014084507043,0.10126582278481013
3,6,3,0,0,1,6,1194,14328,0,1,612,1,1,57.0,9.5,2447.8333333333335,4.0,0.0,6.0,5.0,30.2,99.2,4.5,0.0,634,199.0,24.0,0.032051282051282055,9.5,0.07017543859649122,0.14423076923076925
3,6,3,0,0,1,24,4776,57312,0,1,634,0,1,51.0,8.5,2708.3333333333335,2.0,1.0,5.0,5.0,16.6,91.4,3.25,1.0,1278,199.0,22.0,0.056818181818181816,10.2,0.0392156862745098,0.1846590909090909
1,6,4,0,0,2,12,588,7056,0,1,614,0,1,65.0,10.833333333333334,3920.8333333333335,6.0,1.0,6.0,2.0,66.0,97.5,5.0,0.0,663,49.0,43.0,0.014925373134328358,10.833333333333334,0.09230769230769231,0.07462686567164178
4,6,4,0,0,0,13,247,2964,0,1,619,1,0,59.0,8.428571428571429,1781.7142857142858,9.0,0.0,6.0,4.0,33.25,109.0,4.333333333333333,0.0,871,19.0,21.0,0.029197080291970802,9.833333333333334,0.15254237288135594,0.1265206812652068
0,5,0,0,0,2,5,245,2940,0,1,611,5,2,26.0,8.666666666666666,1327.3333333333333,0.0,0.0,3.0,5.0,42.2,112.0,3.5,0.0,644,49.0,1.0,0.023148148148148147,8.666666666666666,0.0,0.08101851851851852
4,6,4,0,0,1,54,10746,128952,0,0,657,1,0,45.0,7.5,2296.3333333333335,6.0,2.0,5.0,2.0,59.0,152.0,3.0,0.0,1056,199.0,23.0,0.016666666666666666,9.0,0.13333333333333333,0.05
3,5,1,1,0,1,8,1592,19104,0,1,616,0,0,50.0,10.0,3615.0,3.0,0.0,5.0,4.0,44.0,57.25,4.0,1.0,620,199.0,24.0,0.022222222222222223,10.0,0.06,0.08888888888888889
0,6,4,0,0,2,24,1176,14112,1,1,612,0,1,76.0,9.5,2476.0,0.0,0.0,7.0,4.0,42.0,86.25,4.0,0.0,850,49.0,56.0,0.023255813953488372,10.857142857142858,0.0,0.09302325581395349
4,5,1,0,0,1,27,5373,64476,0,1,667,3,0,63.0,10.5,2872.8333333333335,10.0,0.0,6.0,2.0,32.5,84.5,3.0,0.0,1217,199.0,33.0,0.029850746268656716,10.5,0.15873015873015872,0.08955223880597014
3,6,4,0,1,0,18,342,4104,0,1,613,0,0,25.0,8.333333333333334,2411.0,1.0,1.0,3.0,5.0,38.6,68.2,3.75,0.0,988,19.0,-2.0,0.025252525252525252,8.333333333333334,0.04,0.0946969696969697
0,2,4,0,0,1,40,7960,95520,1,1,626,1,1,37.0,12.333333333333334,1725.6666666666667,1.0,0.0,3.0,6.0,38.0,74.5,4.25,0.0,1261,199.0,5.0,0.02564102564102564,12.333333333333334,0.02702702702702703,0.10897435897435898
3,6,3,0,0,2,25,0,0,0,1,666,1,1,9.0,9.0,1953.0,0.0,0.0,1.0,4.0,16.25,105.0,4.333333333333333,0.0,851,0.0,-11.0,0.057971014492753624,9.0,0.0,0.25120772946859904
0,6,3,0,0,0,46,874,10488,1,1,612,2,1,53.0,10.6,3424.6,2.0,1.0,5.0,7.0,38.285714285714285,61.57142857142857,4.0,1.0,766,19.0,14.0,0.025454545454545455,10.6,0.03773584905660377,0.10181818181818182
3,6,3,0,0,0,17,323,3876,1,0,626,0,0,75.0,9.375,2757.625,6.0,1.0,8.0,2.0,31.5,109.5,3.0,0.0,741,19.0,53.0,0.03076923076923077,9.375,0.08,0.09230769230769231
3,6,1,0,0,0,19,0,0,1,0,611,0,0,44.0,14.666666666666666,5666.0,0.0,0.0,3.0,7.0,40.285714285714285,84.85714285714286,4.2,1.0,688,0.0,9.0,0.02422145328719723,14.666666666666666,0.0,0.10173010380622838
2,5,0,0,0,1,85,16915,202980,1,1,633,1,1,36.0,9.0,885.25,3.0,0.0,4.0,1.0,46.0,70.0,4.0,0.0,858,199.0,25.0,0.02127659574468085,9.0,0.08333333333333333,0.0851063829787234
3,6,1,0,0,0,8,152,1824,1,1,627,0,0,23.0,11.5,6234.0,0.0,0.0,1.0,7.0,40.57142857142857,112.0,3.75,0.0,778,19.0,-12.0,0.024054982817869417,23.0,0.0,0.09020618556701031
3,4,4,0,0,0,7,133,1596,0,1,611,0,0,50.0,10.0,3905.6,0.0,0.0,5.0,5.0,27.2,74.6,5.0,0.0,675,19.0,25.0,0.03546099290780142,10.0,0.0,0.1773049645390071
2,2,2,0,0,2,5,245,2940,1,1,619,0,0,71.0,11.833333333333334,4634.333333333333,2.0,1.0,5.0,6.0,36.666666666666664,124.66666666666667,4.0,0.0,1049,49.0,37.0,0.026548672566371685,14.2,0.028169014084507043,0.10619469026548674
3,6,2,0,0,2,14,686,8232,1,1,613,0,1,47.0,11.75,3332.5,1.0,0.0,4.0,5.0,32.6,66.6,4.0,0.0,754,49.0,20.0,0.02976190476190476,11.75,0.02127659574468085,0.11904761904761904
3,2,2,0,0,1,14,2786,33432,1,1,632,0,0,74.0,10.571428571428571,4448.428571428572,7.0,1.0,7.0,7.0,43.142857142857146,67.71428571428571,3.5,0.0,914,199.0,25.0,0.022653721682847894,10.571428571428571,0.0945945945945946,0.07928802588996763
3,2,4,0,0,2,45,2205,26460,0,1,611,1,0,97.0,10.777777777777779,3325.4444444444443,6.0,0.0,8.0,1.0,32.0,50.0,3.0,0.0,834,49.0,80.0,0.030303030303030304,12.125,0.061855670103092786,0.09090909090909091
0,6,2,1,0,0,29,551,6612,1,1,641,0,0,63.0,10.5,3645.0,5.0,0.0,6.0,2.0,35.5,74.0,4.0,1.0,1332,19.0,43.0,0.0273972602739726,10.5,0.07936507936507936,0.1095890410958904
1,3,3,0,1,1,13,2587,31044,1,0,692,1,0,29.0,9.666666666666666,1860.6666666666667,1.0,0.0,3.0,5.0,33.0,45.2,4.0,0.0,1050,199.0,2.0,0.029411764705882353,9.666666666666666,0.034482758620689655,0.11764705882352941
3,0,1,0,0,0,20,380,4560,1,0,612,0,0,17.0,8.5,677.0,0.0,1.0,2.0,3.0,33.666666666666664,72.0,4.0,0.0,836,19.0,2.0,0.028846153846153848,8.5,0.0,0.11538461538461539
2,6,1,0,0,1,35,6965,83580,1,1,626,1,0,98.0,12.25,3685.0,6.0,1.0,8.0,5.0,38.8,121.4,4.333333333333333,0.0,1144,199.0,61.0,0.02512562814070352,12.25,0.061224489795918366,0.10887772194304858
3,6,4,0,1,1,19,3781,45372,1,1,611,0,1,81.0,9.0,3156.222222222222,1.0,1.0,9.0,5.0,31.0,87.4,4.5,0.0,1078,199.0,54.0,0.03125,9.0,0.012345679012345678,0.140625
3,6,1,1,0,1,17,3383,40596,0,1,637,0,1,40.0,10.0,2971.5,3.0,1.0,3.0,4.0,36.0,88.29166666666666,4.0,0.0,760,199.0,24.0,0.02702702702702703,13.333333333333334,0.075,0.10817776539426024
0,6,2,0,0,2,25,1225,14700,0,1,630,0,1,41.0,8.2,1930.8,0.0,1.0,5.0,6.0,23.5,92.33333333333333,4.5,0.0,814,49.0,11.0,0.04081632653061224,8.2,0.0,0.18367346938775508
1,6,0,0,0,0,32,0,0,1,1,713,1,0,100.0,10.0,2944.0,4.0,0.0,10.0,3.0,4.666666666666667,122.33333333333333,4.0,0.0,1198,0.0,77.0,0.1764705882352941,10.0,0.04,0.7058823529411764
1,6,4,1,0,2,4,196,2352,0,1,625,4,1,66.0,8.25,2090.75,5.0,2.0,8.0,2.0,31.0,75.0,4.0,0.0,1074,49.0,46.0,0.03125,8.25,0.07575757575757576,0.125
4,4,2,0,0,0,25,0,0,0,1,688,0,1,42.0,10.5,4116.0,0.0,0.0,4.0,4.0,46.25,89.75,3.6666666666666665,0.0,1032,0.0,22.0,0.021164021164021163,10.5,0.0,0.07760141093474426
0,5,2,1,0,0,50,950,11400,1,0,613,0,0,19.0,9.5,2438.0,0.0,0.0,2.0,4.0,30.25,53.5,4.666666666666667,0.0,672,19.0,-1.0,0.032,9.5,0.0,0.14933333333333335
1,6,1,0,0,2,54,2646,31752,1,1,631,1,1,40.0,10.0,4399.0,7.0,0.0,4.0,5.0,42.0,104.0,4.25,0.0,1220,49.0,1.0,0.023255813953488372,10.0,0.175,0.09883720930232558
0,5,4,1,0,2,12,588,7056,1,0,612,2,0,53.0,7.571428571428571,2727.285714285714,1.0,2.0,7.0,2.0,47.5,79.0,4.0,0.0,827,49.0,41.0,0.020618556701030927,7.571428571428571,0.018867924528301886,0.08247422680412371
3,6,0,1,0,0,67,1273,15276,0,1,617,0,1,30.0,10.0,5017.0,0.0,1.0,3.0,8.0,30.375,93.0,4.0,0.0,712,19.0,-10.0,0.03187250996015936,10.0,0.0,0.12749003984063745
1,4,3,0,0,1,20,3980,47760,1,1,678,1,0,74.0,9.25,2994.375,1.0,1.0,6.0,3.0,29.333333333333332,90.0,4.666666666666667,0.0,1185,199.0,57.0,0.03296703296703297,12.333333333333334,0.013513513513513514,0.15384615384615385
4,2,3,0,0,2,19,931,11172,0,1,626,0,1,72.0,10.285714285714286,2636.4285714285716,4.0,0.0,6.0,1.0,61.0,139.0,5.0,0.0,916,49.0,59.0,0.016129032258064516,12.0,0.05555555555555555,0.08064516129032258
3,5,3,1,0,2,17,0,0,0,1,687,1,0,25.0,6.25,1671.75,2.0,0.0,4.0,5.0,44.2,48.8,4.333333333333333,0.0,1118,0.0,-4.0,0.022123893805309734,6.25,0.08,0.09587020648967551
1,6,4,0,0,0,38,0,0,0,1,621,1,0,26.0,8.666666666666666,1802.3333333333333,0.0,0.0,3.0,5.0,35.8,91.8,5.0,0.0,803,0.0,1.0,0.027173913043478264,8.666666666666666,0.0,0.13586956521739132
2,6,3,1,0,1,70,13930,167160,0,1,648,1,0,40.0,8.0,2784.8,4.0,0.0,4.0,3.0,36.333333333333336,60.0,5.0,1.0,764,199.0,17.0,0.026785714285714284,10.0,0.1,0.13392857142857142
4,6,0,0,1,1,11,2189,26268,1,1,690,3,0,86.0,10.75,3559.875,9.0,1.0,6.0,4.0,42.25,130.25,4.0,0.0,1134,199.0,48.0,0.023121387283236993,14.333333333333334,0.10465116279069768,0.09248554913294797
1,6,0,0,0,0,48,0,0,0,1,623,1,1,48.0,8.0,1614.1666666666667,4.0,0.0,6.0,2.0,14.5,123.0,3.5,0.0,809,0.0,30.0,0.06451612903225806,8.0,0.08333333333333333,0.22580645161290322
1,6,3,0,0,2,22,1078,12936,0,1,635,1,0,30.0,10.0,3766.0,2.0,0.0,3.0,2.0,28.5,42.0,4.0,0.0,744,49.0,16.0,0.03389830508474576,10.0,0.06666666666666667,0.13559322033898305
1,6,1,0,1,2,40,1960,23520,1,1,618,0,3,94.0,11.75,3370.0,8.0,0.0,7.0,1.0,35.0,115.0,3.0,0.0,1285,49.0,73.0,0.027777777777777776,13.428571428571429,0.0851063829787234,0.08333333333333333
2,6,4,0,0,2,85,4165,49980,0,1,616,1,2,49.0,9.8,2067.2,0.0,1.0,5.0,3.0,33.666666666666664,76.33333333333333,3.5,0.0,764,49.0,34.0,0.028846153846153848,9.8,0.0,0.10096153846153846
1,6,2,0,0,1,65,12935,155220,0,1,686,1,1,45.0,11.25,1708.0,0.0,0.0,4.0,5.0,40.6,97.8,4.0,0.0,1319,199.0,20.0,0.024038461538461536,11.25,0.0,0.09615384615384615
4,6,1,1,0,0,21,399,4788,0,1,621,0,1,17.0,8.5,2802.5,3.0,0.0,2.0,3.0,24.666666666666668,89.66666666666667,5.0,0.0,1118,19.0,-4.0,0.03896103896103896,8.5,0.17647058823529413,0.19480519480519481
2,6,2,1,0,0,148,0,0,1,1,612,1,0,53.0,10.6,3974.8,0.0,0.0,4.0,5.0,45.2,101.6,3.8,0.0,624,0.0,28.0,0.021645021645021644,13.25,0.0,0.08225108225108224
2,6,0,0,0,2,18,0,0,0,1,642,2,1,48.0,9.6,2920.0,2.0,0.0,5.0,3.0,30.333333333333332,96.33333333333333,3.0,0.0,858,0.0,29.0,0.03191489361702128,9.6,0.041666666666666664,0.09574468085106384
1,6,1,0,0,1,16,3184,38208,1,1,613,3,0,60.0,8.571428571428571,3011.714285714286,10.0,0.0,7.0,3.0,58.0,48.0,4.0,0.0,685,199.0,25.0,0.01694915254237288,8.571428571428571,0.16666666666666666,0.06779661016949153
1,6,3,0,0,0,11,209,2508,0,1,631,4,1,81.0,11.571428571428571,3318.714285714286,7.0,1.0,7.0,1.0,67.0,30.0,4.0,0.0,955,19.0,62.0,0.014705882352941176,11.571428571428571,0.08641975308641975,0.058823529411764705
0,6,3,0,0,1,32,6368,76416,0,0,614,0,0,46.0,9.2,3425.8,0.0,0.0,5.0,1.0,64.0,141.0,3.0,0.0,672,199.0,41.0,0.015384615384615385,9.2,0.0,0.046153846153846156
3,4,0,0,1,0,11,209,2508,0,1,646,0,0,37.0,12.333333333333334,4078.6666666666665,4.0,1.0,3.0,3.0,31.666666666666668,95.33333333333333,4.5,1.0,800,19.0,14.0,0.03061224489795918,12.333333333333334,0.10810810810810811,0.1377551020408163
0,6,3,1,0,1,15,2985,35820,0,1,688,0,0,12.0,12.0,3048.0,2.0,0.0,1.0,6.0,31.833333333333332,75.66666666666667,3.3333333333333335,1.0,1318,199.0,-22.0,0.030456852791878177,12.0,0.16666666666666666,0.10152284263959392
1,1,0,0,0,0,20,380,4560,1,1,626,0,0,31.0,10.333333333333334,1734.0,0.0,0.0,3.0,4.0,39.5,65.5,3.5,0.0,797,19.0,11.0,0.024691358024691357,10.333333333333334,0.0,0.08641975308641975
3,6,2,0,0,1,21,4179,50148,1,0,745,3,0,55.0,9.166666666666666,3727.5,0.0,0.0,6.0,6.0,43.166666666666664,114.5,5.0,0.0,987,199.0,25.0,0.022641509433962266,9.166666666666666,0.0,0.11320754716981132
1,5,2,0,1,1,33,6567,78804,1,1,615,0,1,21.0,7.0,2876.0,4.0,0.0,3.0,2.0,49.5,110.0,4.0,0.0,665,199.0,3.0,0.019801980198019802,7.0,0.19047619047619047,0.07920792079207921
2,6,2,0,0,2,18,882,10584,1,0,637,1,0,12.0,12.0,5256.0,0.0,0.0,1.0,5.0,37.4,97.2,3.75,0.0,1130,49.0,-13.0,0.026041666666666668,12.0,0.0,0.09765625
2,6,2,0,0,0,12,228,2736,0,1,634,2,0,148.0,9.25,3341.5625,8.0,1.0,13.0,4.0,57.5,106.0,3.6666666666666665,0.0,729,19.0,112.0,0.017094017094017096,11.384615384615385,0.05405405405405406,0.06267806267806268
